cell_id,bulk_labels,n_genes,percent_mito,n_counts,S_score,G2M_score,phase,louvain,n_genes_by_counts,log1p_n_genes_by_counts,total_counts,log1p_total_counts,total_counts_mt,log1p_total_counts_mt,pct_counts_mt
AAATTCGATGCACA-1,Dendritic,1080,0.027458256,2695.0,0.06702638,-0.88949776,S,1,765,6.641182169740591,6.876002,2.0638204,-0.49,-0.67334455,-7.1262345
AACACGTGGTCTTT-1,CD56+ NK,1228,0.016819121,3389.0,-0.14797688,-0.94174945,G1,3,765,6.641182169740591,56.836998,4.0576286,-0.49,-0.67334455,-0.8621145
AAGTGCACGTGCTA-1,CD4+/CD25 T Reg,1007,0.011796733,2204.0,0.065215796,1.4692912,G2M,9,765,6.641182169740591,23.085995,3.1816306,-0.49,-0.67334455,-2.122499
ACACGAACGGAGTG-1,Dendritic,1178,0.017276946,3878.0,-0.12297404,-0.86818516,G1,2,765,6.641182169740591,-37.154,,-0.49,-0.67334455,1.3188351
ACAGTTCTTAGCCA-1,CD19+ B,1531,0.022347493,4967.0,-0.028018355,-0.9125651,G1,8,765,6.641182169740591,66.296005,4.2091007,-0.49,-0.67334455,-0.7391094
ACATTCTGACTACG-1,Dendritic,1036,0.017158546,2914.0,-0.1815049,-0.6173869,G1,5,765,6.641182169740591,-63.929996,,-0.49,-0.67334455,0.7664634
ACCCTCGAGTGAGG-1,Dendritic,1250,0.01074142,3817.0,-0.124939315,-0.76943046,G1,2,765,6.641182169740591,-33.622,,-0.49,-0.67334455,1.457379
ACTGGCCTTTTCGT-1,CD8+ Cytotoxic T,1282,0.018118314,4581.0,0.1346351,-1.0715736,S,3,765,6.641182169740591,-54.067,,0.766,0.56871706,-1.4167606
ACTTGGGAACCAGT-1,CD14+ Monocyte,1063,0.020890411,2920.0,-0.22746803,-0.68973243,G1,1,765,6.641182169740591,20.691,3.0768974,-0.49,-0.67334455,-2.3681796
AGAAAGTGTGAACC-1,CD8+ Cytotoxic T,1102,0.016105838,3477.0,-0.06994277,-1.0368537,G1,3,765,6.641182169740591,-33.421,,-0.49,-0.67334455,1.466144
AGATATTGACCACA-1,CD4+/CD45RO+ Memory,1078,0.012831241,3585.0,0.018723443,-1.0851289,S,0,765,6.641182169740591,-66.77901,,-0.49,-0.67334455,0.7337635
AGTAAGGATTTACC-1,CD19+ B,1218,0.01978022,3640.0,-0.13777298,-0.7522852,G1,4,765,6.641182169740591,15.513998,2.8042083,-0.49,-0.67334455,-3.1584377
AGTTAAACAAACAG-1,CD19+ B,1005,0.019805545,2777.0,0.13148645,-0.8405158,S,0,765,6.641182169740591,3.0729961,1.4043789,-0.49,-0.67334455,-15.945351
ATAACAACCTCTAT-1,CD14+ Monocyte,1053,0.00874317,2745.0,-0.27781698,-0.8784025,G1,1,765,6.641182169740591,10.265998,2.4217892,-0.49,-0.67334455,-4.7730384
ATGGACACAAGTGA-1,CD19+ B,1092,0.015286991,3467.0,0.14160676,-1.100496,S,4,765,6.641182169740591,8.642002,2.2661288,-0.49,-0.67334455,-5.6699824
ATGGACACTCGTTT-1,Dendritic,1198,0.028548772,3783.0,-0.155325,-1.0289515,G1,2,765,6.641182169740591,-36.872,,-0.49,-0.67334455,1.3289216
ATGGGTACCTGGTA-1,CD8+/CD45RA+ Naive Cytotoxic,1232,0.015884476,4155.0,-0.079251945,-1.0284872,G1,0,765,6.641182169740591,-58.588,,-0.49,-0.67334455,0.8363487
ATGTAAACTTTCGT-1,CD4+/CD25 T Reg,1351,0.024873096,3940.0,0.020871848,-0.64281994,S,0,765,6.641182169740591,10.498,2.442173,-0.49,-0.67334455,-4.667556
ATTAACGATACGAC-1,CD14+ Monocyte,1031,0.013256288,2942.0,-0.17141573,-0.9244141,G1,1,765,6.641182169740591,-34.606995,,1.466,0.90259737,-4.236138
ATTAGATGGGGAGT-1,Dendritic,1016,0.018736988,2882.0,-0.17400888,-1.1187713,G1,1,765,6.641182169740591,-49.76,,-0.49,-0.67334455,0.9847267
ATTCCAACCCCAAA-1,CD14+ Monocyte,1253,0.025517056,3723.0,-0.048047006,-0.7857195,G1,1,765,6.641182169740591,18.431005,2.96687,-0.49,-0.67334455,-2.6585636
CAAATTGACGTGAT-1,Dendritic,1571,0.014843432,4918.0,-0.053307936,-0.9986204,G1,6,765,6.641182169740591,-37.486,,-0.49,-0.67334455,1.3071548
CACCGTACGCTGTA-1,Dendritic,1523,0.017721519,4740.0,-0.079257555,-0.9996451,G1,2,764,6.639875833826536,10.411997,2.4346652,-0.49,-0.67334455,-4.7061095
CACTATACGCGATT-1,CD8+/CD45RA+ Naive Cytotoxic,1178,0.014354067,3971.0,-0.06743674,-1.2126468,G1,0,765,6.641182169740591,-43.072998,,-0.49,-0.67334455,1.1376036
CACTTAACCAAAGA-1,Dendritic,1507,0.011420151,5429.0,-0.06919891,-0.95713043,G1,7,765,6.641182169740591,-27.009998,,-0.49,-0.67334455,1.814143
CAGATGACATGTCG-1,CD4+/CD25 T Reg,1595,0.027624309,4706.0,1.6207247,0.31725264,S,9,765,6.641182169740591,30.892998,3.4623864,-0.49,-0.67334455,-1.58612
CAGGAACTACCACA-1,CD14+ Monocyte,1074,0.012675574,2919.0,0.07031049,-1.0605667,S,1,765,6.641182169740591,1.914999,1.0698695,-0.49,-0.67334455,-25.58748
CATCCCGATCTCAT-1,Dendritic,1105,0.025212836,3054.0,-0.09171296,-0.8675614,G1,5,765,6.641182169740591,26.921001,3.329379,-0.49,-0.67334455,-1.8201404
CATCCCGATCTGGA-1,Dendritic,1160,0.020500347,2878.0,-0.26925215,-0.75824976,G1,1,765,6.641182169740591,48.244,3.8967874,-0.49,-0.67334455,-1.0156704
CATCTCCTAGCGTT-1,CD4+/CD45RA+/CD25- Naive T,1058,0.009642857,2800.0,-0.12639005,-0.9979973,G1,0,765,6.641182169740591,12.766003,2.622202,-0.49,-0.67334455,-3.8383198
CCAAGAACATGCCA-1,Dendritic,1053,0.005584859,3223.0,-0.06400579,-1.0496984,G1,6,765,6.641182169740591,-90.773994,,-0.49,-0.67334455,0.5398022
CCAGAAACGTTGAC-1,CD14+ Monocyte,1038,0.0109756095,3280.0,-0.06289348,-0.85764754,G1,6,764,6.639875833826536,-33.224,,1.265,0.81757474,-3.8074884
CCCTACGACCAACA-1,CD8+ Cytotoxic T,1001,0.023123123,3330.0,0.08010119,-1.0601723,S,0,765,6.641182169740591,-79.099,,-0.49,-0.67334455,0.6194769
CGAAGACTTATTCC-1,Dendritic,1164,0.012293853,3335.0,-0.2139152,-0.95489645,G1,2,765,6.641182169740591,9.298998,2.3320465,-0.49,-0.67334455,-5.2693853
CGGACCGATTTCGT-1,CD8+/CD45RA+ Naive Cytotoxic,1035,0.014635698,3143.0,0.10052098,-1.0377607,S,0,765,6.641182169740591,-6.8530006,,-0.49,-0.67334455,7.150152
CGTTATACACGGAG-1,CD8+ Cytotoxic T,1312,0.021341464,3608.0,-0.039351046,-0.922146,G1,5,765,6.641182169740591,68.144,4.2361913,-0.49,-0.67334455,-0.71906555
CTACGCACGAGGGT-1,CD4+/CD25 T Reg,1013,0.014646308,3209.0,0.009418249,-1.1249028,S,0,765,6.641182169740591,-106.929,,-0.49,-0.67334455,0.45824802
CTAGGTGATACGAC-1,CD8+/CD45RA+ Naive Cytotoxic,1094,0.024581308,3702.0,0.10271464,-1.032531,S,0,765,6.641182169740591,-96.381996,,1.065,0.72513026,-1.1049782
CTATCCCTCAGAGG-1,Dendritic,1174,0.015894765,3649.0,-0.17191182,-0.9354758,G1,6,763,6.638567789166521,-32.809998,,-0.49,-0.67334455,1.4934473
CTCAGCACGCTTCC-1,CD19+ B,1050,0.021790944,2937.0,-0.23452736,-0.72312963,G1,8,765,6.641182169740591,25.213997,3.2662935,-0.49,-0.67334455,-1.9433651
CTTAGACTTATTCC-1,CD19+ B,2284,0.017421603,7749.0,1.5673625,0.25839937,S,8,765,6.641182169740591,89.632996,4.5068183,-0.49,-0.67334455,-0.54667366
GAAGAATGATTCGG-1,CD8+/CD45RA+ Naive Cytotoxic,1015,0.008874802,3155.0,-0.15594451,-0.88125944,G1,0,765,6.641182169740591,-51.713005,,-0.49,-0.67334455,0.9475373
GAAGGTCTCCCTAC-1,CD19+ B,1186,0.020292208,3696.0,0.038889512,-0.9267407,S,4,765,6.641182169740591,-14.037,,-0.49,-0.67334455,3.4907746
GACCTCTGAGTGCT-1,Dendritic,1177,0.017288694,3644.0,-0.11736906,-1.166942,G1,2,765,6.641182169740591,-32.254005,,-0.49,-0.67334455,1.5191911
GACGAACTAACCAC-1,CD14+ Monocyte,1156,0.012134002,3791.0,-0.109573394,-1.0680733,G1,5,765,6.641182169740591,-40.356,,2.546,1.2658203,-6.3088512
GACGTCCTAAGGCG-1,CD56+ NK,1100,0.0103125,3200.0,-0.11827886,-1.1375585,G1,3,764,6.639875833826536,-13.136004,,-0.49,-0.67334455,3.7302058
GAGCATACGAGAGC-1,CD19+ B,1197,0.01050474,3903.0,-0.1379436,-0.86621594,G1,4,765,6.641182169740591,-30.921,,-0.49,-0.67334455,1.5846835
GAGCGCACAGAGGC-1,CD8+ Cytotoxic T,1362,0.020386266,3728.0,0.3590678,-0.9350809,S,3,765,6.641182169740591,75.052,4.3314176,-0.49,-0.67334455,-0.65288067
GAGGATCTGGAGGT-1,CD14+ Monocyte,1074,0.017383348,3279.0,-0.10417565,-0.8792856,G1,1,764,6.639875833826536,19.184998,3.0049396,1.265,0.81757474,6.5936937
GAGGGTGACCTATT-1,CD4+/CD25 T Reg,1003,0.012970579,3161.0,-0.0060035884,-1.0296339,G1,0,765,6.641182169740591,-19.935997,,3.151,1.4233493,-15.80558
GATTGGACATCAGC-1,CD14+ Monocyte,1031,0.01650846,2423.0,-0.13082615,-1.0038146,G1,1,765,6.641182169740591,120.23499,4.797731,-0.49,-0.67334455,-0.40753525
GCAACCCTACGTAC-1,Dendritic,1068,0.015728217,3179.0,-0.20893571,-0.87754625,G1,6,765,6.641182169740591,-19.579,,1.32,0.8415672,-6.741917
GCAATTCTGACGAG-1,Dendritic,1149,0.01290129,3333.0,-0.16606829,-0.67296445,G1,2,765,6.641182169740591,-13.515003,,-0.49,-0.67334455,3.6256003
GCACCACTCTGTGA-1,CD14+ Monocyte,1140,0.013034854,3529.0,-0.21609737,-1.0162791,G1,1,765,6.641182169740591,-4.6029987,,-0.49,-0.67334455,10.645235
GCAGCTCTGCAGTT-1,Dendritic,1027,0.012965426,3008.0,-0.068580665,-1.1495824,G1,6,765,6.641182169740591,-45.25,,-0.49,-0.67334455,1.082873
GCCGACGACCTTCG-1,CD8+/CD45RA+ Naive Cytotoxic,1056,0.014463408,3457.0,-0.009047568,-1.039473,G1,0,765,6.641182169740591,-57.185997,,2.84,1.3454723,-4.9662504
GCCGGAACCTGACA-1,CD14+ Monocyte,1009,0.025786879,2637.0,-0.17724864,-0.94450283,G1,1,765,6.641182169740591,7.6030025,2.1521113,-0.49,-0.67334455,-6.4448223
GCGCACGATGCTGA-1,Dendritic,1004,0.0143613005,2646.0,-0.14410575,-1.0119313,G1,1,765,6.641182169740591,9.566,2.3576412,-0.49,-0.67334455,-5.1223083
GCTTAACTTCCAGA-1,Dendritic,1048,0.021068472,2658.0,-0.096121565,-1.0706526,G1,1,765,6.641182169740591,-12.602001,,-0.49,-0.67334455,3.8882713
GGAATCTGCGACTA-1,Dendritic,1214,0.016073782,3795.0,-0.18798606,-1.0484775,G1,2,765,6.641182169740591,-25.726997,,-0.49,-0.67334455,1.9046141
GGACGCACATCGTG-1,CD19+ B,1431,0.016762242,4534.0,0.2322211,-0.91056573,S,4,765,6.641182169740591,18.552002,2.9730778,-0.49,-0.67334455,-2.6412244
GGATTTCTTGGAGG-1,CD14+ Monocyte,1031,0.008573388,2916.0,0.04410979,-0.60494477,S,5,765,6.641182169740591,-19.605,,-0.49,-0.67334455,2.4993625
GGCGGACTCCATAG-1,CD4+/CD25 T Reg,1055,0.022314675,2644.0,0.08692759,-1.0851583,S,0,765,6.641182169740591,34.188004,3.5607052,-0.49,-0.67334455,-1.4332514
GGTACTGAACCCAA-1,Dendritic,1196,0.008496176,3531.0,0.14600702,-0.9138022,S,2,765,6.641182169740591,-16.143002,,-0.49,-0.67334455,3.0353713
GGTATCGACTCGAA-1,Dendritic,1194,0.021118382,3362.0,-0.03857182,-0.8075411,G1,1,765,6.641182169740591,-6.5709944,,1.222,0.7984077,-18.596882
GTAAGCACCGTAGT-1,CD19+ B,1163,0.019166667,3600.0,0.16790643,-0.7833593,S,4,765,6.641182169740591,-23.272001,,-0.49,-0.67334455,2.1055346
GTCCCATGTTCGTT-1,Dendritic,1359,0.022170609,4736.0,-0.053352967,-0.96348906,G1,7,764,6.639875833826536,-44.753002,,0.725,0.54522705,-1.620003
GTGACCCTTAGAAG-1,Dendritic,1084,0.016061453,2864.0,0.058776528,-0.8802473,S,5,765,6.641182169740591,-42.626,,-0.49,-0.67334455,1.1495333
GTGGTAACACGACT-1,CD14+ Monocyte,1120,0.016022291,2871.0,-0.019462794,-0.9017016,G1,1,764,6.639875833826536,18.760002,2.9836597,-0.49,-0.67334455,-2.61194
GTTCATACGAACTC-1,CD8+/CD45RA+ Naive Cytotoxic,1294,0.01591512,4147.0,-0.08465895,-0.91102904,G1,0,765,6.641182169740591,-21.806004,,-0.49,-0.67334455,2.2470877
TAAACAACTACTTC-1,CD56+ NK,1189,0.021205695,3301.0,-0.1556479,-1.0652394,G1,3,765,6.641182169740591,14.856002,2.7635481,-0.49,-0.67334455,-3.2983303
TAACATGACTTGAG-1,Dendritic,1375,0.016478343,4248.0,-0.067506716,-1.1401737,G1,7,765,6.641182169740591,-6.505,,-0.49,-0.67334455,7.532667
TAAGAACTGCTCCT-1,Dendritic,1565,0.0127910795,6098.0,-0.10799996,-0.858256,G1,7,765,6.641182169740591,-28.167,,0.454,0.3743184,-1.6118152
TAAGAGGAACTGGT-1,Dendritic,1101,0.013080037,3211.0,-0.15322481,-0.9488411,G1,2,765,6.641182169740591,-31.288004,,-0.49,-0.67334455,1.5660955
TACAATGATTAGGC-1,CD8+ Cytotoxic T,1061,0.012225818,2781.0,-0.25210607,0.005040884,G2M,0,765,6.641182169740591,97.159,4.5865884,-0.49,-0.67334455,-0.504328
TACCGCTGTCTTAC-1,Dendritic,1325,0.016651459,4384.0,-0.07791787,-0.82180727,G1,6,765,6.641182169740591,-76.479004,,0.823,0.60048354,-1.0761123
TACTCTGACGTAGT-1,Dendritic,1118,0.0120689655,2900.0,0.12263769,-0.7605544,S,1,765,6.641182169740591,35.388996,3.5942664,-0.49,-0.67334455,-1.3846112
TAGAAACTTAGAAG-1,CD4+/CD25 T Reg,1133,0.011299435,3186.0,-0.19303393,-0.92475253,G1,0,765,6.641182169740591,-6.2590027,,-0.49,-0.67334455,7.8287234
TAGGTTCTGTACCA-1,Dendritic,1343,0.012357884,4046.0,-0.093547314,-0.86389697,G1,2,765,6.641182169740591,-24.922,,-0.49,-0.67334455,1.9661343
TAGTTCACAAGGCG-1,Dendritic,1027,0.017821781,3030.0,0.026212424,-0.67317486,S,5,765,6.641182169740591,-42.765003,,-0.49,-0.67334455,1.1457968
TATGGTCTGGCAAG-1,Dendritic,1184,0.014728925,3191.0,-0.05605735,-0.7995618,G1,1,765,6.641182169740591,11.175996,2.4994664,-0.49,-0.67334455,-4.384397
TCACCCGACGTTAG-1,CD8+ Cytotoxic T,1459,0.020333469,4918.0,0.034800217,-1.0180987,S,0,764,6.639875833826536,-18.536,,-0.49,-0.67334455,2.6435046
TCAGCGCTCGTCTC-1,CD4+/CD25 T Reg,1024,0.015160183,3496.0,-0.040611714,-1.063298,G1,0,765,6.641182169740591,-82.94,,-0.49,-0.67334455,0.59078854
TCGTAGGACCCTTG-1,CD14+ Monocyte,1138,0.017895712,3241.0,-0.20873399,-1.0568448,G1,1,765,6.641182169740591,18.224003,2.9561596,-0.49,-0.67334455,-2.6887617
TCTAAGCTGGGTGA-1,CD56+ NK,1090,0.022764228,3075.0,0.110743985,-1.0447534,S,3,765,6.641182169740591,-31.432997,,-0.49,-0.67334455,1.5588715
TCTCAAACGCCATA-1,CD19+ B,1013,0.024082117,2533.0,0.076169044,-0.966679,S,4,765,6.641182169740591,17.961,2.9423842,1.782,1.0231701,9.921496
TCTCCACTGGGAGT-1,CD8+/CD45RA+ Naive Cytotoxic,1071,0.02137108,3603.0,-0.12553233,-1.3423394,G1,0,765,6.641182169740591,-71.16301,,-0.49,-0.67334455,0.68856
TCTGATACTGCACA-1,Dendritic,1187,0.023480663,2896.0,0.06662162,-0.94877887,S,5,765,6.641182169740591,74.405,4.3228736,3.485,1.5007384,4.683825
TGAGCTGAGTAGGG-1,CD8+ Cytotoxic T,1403,0.025175503,4131.0,0.39320236,-1.0090109,S,3,765,6.641182169740591,42.379005,3.7699757,0.903,0.6434316,2.1307719
TGTTAAGAAGCGGA-1,CD19+ B,2605,0.023059914,9497.0,1.3490002,2.4171429,G2M,8,765,6.641182169740591,70.245,4.2661247,-0.49,-0.67334455,-0.6975585
TTATGAGAGCTTCC-1,Dendritic,1128,0.011265164,3462.0,-0.1989621,-0.9137929,G1,2,765,6.641182169740591,-15.608998,,2.835,1.3441695,-18.162601
TTCACAACAGCCTA-1,CD14+ Monocyte,1113,0.01446281,3388.0,-0.10445456,-0.63100654,G1,1,765,6.641182169740591,-7.8229985,,-0.49,-0.67334455,6.263583
AAACGGCTAGCAAA-2,CD14+ Monocyte,1245,0.014968487,3808.0,0.18457569,-0.9565451,S,6,765,6.641182169740591,1.204998,0.7907266,-0.49,-0.67334455,-40.66397
AACACTCTTCCCGT-2,CD19+ B,1367,0.025238095,4200.0,-0.09530504,-0.5040053,G1,8,765,6.641182169740591,96.47799,4.5796266,2.251,1.1789626,2.3331747
AAGGTGCTGTTGGT-2,CD4+/CD25 T Reg,1135,0.017801046,2865.0,-0.0023306012,-1.0870806,G1,0,765,6.641182169740591,64.024994,4.174772,-0.49,-0.67334455,-0.76532614
AAGTAACTACGCAT-2,CD19+ B,1021,0.024334101,3041.0,-0.23055145,-1.1048381,G1,4,764,6.639875833826536,15.266001,2.789077,-0.49,-0.67334455,-3.209747
AATCCTTGCCTTCG-2,Dendritic,1131,0.015048268,3522.0,-0.21223621,-1.0833108,G1,6,765,6.641182169740591,7.847002,2.1800787,-0.49,-0.67334455,-6.2444234
