cell_id,bulk_labels,n_genes,percent_mito,n_counts,S_score,G2M_score,phase,louvain,n_genes_by_counts,total_counts,pct_counts_mt
AAAGCCTGGCTAAC-1,CD14+ Monocyte,1003,0.023856081,2557.0,-0.1191598,-0.816889,G1,1,1003,2557.0,2.3856082
AAATTCGATGCACA-1,Dendritic,1080,0.027458256,2695.0,0.06702638,-0.88949776,S,1,1080,2695.0,2.7458255
AACACGTGGTCTTT-1,CD56+ NK,1228,0.016819121,3389.0,-0.14797688,-0.94174945,G1,3,1228,3389.0,1.6819122
AAGTGCACGTGCTA-1,CD4+/CD25 T Reg,1007,0.011796733,2204.0,0.065215796,1.4692912,G2M,9,1007,2204.0,1.1796733
ACACGAACGGAGTG-1,Dendritic,1178,0.017276946,3878.0,-0.12297404,-0.86818516,G1,2,1178,3878.0,1.7276946
ACAGTTCTTAGCCA-1,CD19+ B,1531,0.022347493,4967.0,-0.028018355,-0.9125651,G1,8,1531,4967.0,2.2347493
ACATTCTGACTACG-1,Dendritic,1036,0.017158546,2914.0,-0.1815049,-0.6173869,G1,5,1036,2914.0,1.7158545
ACCCTCGAGTGAGG-1,Dendritic,1250,0.01074142,3817.0,-0.124939315,-0.76943046,G1,2,1250,3817.0,1.074142
ACTGGCCTTTTCGT-1,CD8+ Cytotoxic T,1282,0.018118314,4581.0,0.1346351,-1.0715736,S,3,1282,4581.0,1.8118315
ACTTGGGAACCAGT-1,CD14+ Monocyte,1063,0.020890411,2920.0,-0.22746803,-0.68973243,G1,1,1063,2920.0,2.089041
AGAAAGTGTGAACC-1,CD8+ Cytotoxic T,1102,0.016105838,3477.0,-0.06994277,-1.0368537,G1,3,1102,3477.0,1.6105838
AGATATTGACCACA-1,CD4+/CD45RO+ Memory,1078,0.012831241,3585.0,0.018723443,-1.0851289,S,0,1078,3585.0,1.2831241
AGTAAGGATTTACC-1,CD19+ B,1218,0.01978022,3640.0,-0.13777298,-0.7522852,G1,4,1218,3640.0,1.9780221
AGTTAAACAAACAG-1,CD19+ B,1005,0.019805545,2777.0,0.13148645,-0.8405158,S,0,1005,2777.0,1.9805545
ATAACAACCTCTAT-1,CD14+ Monocyte,1053,0.00874317,2745.0,-0.27781698,-0.8784025,G1,1,1053,2745.0,0.874317
ATGGACACAAGTGA-1,CD19+ B,1092,0.015286991,3467.0,0.14160676,-1.100496,S,4,1092,3467.0,1.5286992
ATGGACACTCGTTT-1,Dendritic,1198,0.028548772,3783.0,-0.155325,-1.0289515,G1,2,1198,3783.0,2.8548772
ATGGGTACCTGGTA-1,CD8+/CD45RA+ Naive Cytotoxic,1232,0.015884476,4155.0,-0.079251945,-1.0284872,G1,0,1232,4155.0,1.5884476
ATGTAAACTTTCGT-1,CD4+/CD25 T Reg,1351,0.024873096,3940.0,0.020871848,-0.64281994,S,0,1351,3940.0,2.4873097
ATTAACGATACGAC-1,CD14+ Monocyte,1031,0.013256288,2942.0,-0.17141573,-0.9244141,G1,1,1031,2942.0,1.3256288
ATTAGATGGGGAGT-1,Dendritic,1016,0.018736988,2882.0,-0.17400888,-1.1187713,G1,1,1016,2882.0,1.8736988
ATTCCAACCCCAAA-1,CD14+ Monocyte,1253,0.025517056,3723.0,-0.048047006,-0.7857195,G1,1,1253,3723.0,2.5517056
CAAATTGACGTGAT-1,Dendritic,1571,0.014843432,4918.0,-0.053307936,-0.9986204,G1,6,1571,4918.0,1.4843432
CACCGTACGCTGTA-1,Dendritic,1523,0.017721519,4740.0,-0.079257555,-0.9996451,G1,2,1523,4740.0,1.772152
CACTATACGCGATT-1,CD8+/CD45RA+ Naive Cytotoxic,1178,0.014354067,3971.0,-0.06743674,-1.2126468,G1,0,1178,3971.0,1.4354067
CACTTAACCAAAGA-1,Dendritic,1507,0.011420151,5429.0,-0.06919891,-0.95713043,G1,7,1507,5429.0,1.1420151
CAGATGACATGTCG-1,CD4+/CD25 T Reg,1595,0.027624309,4706.0,1.6207247,0.31725264,S,9,1595,4706.0,2.762431
CAGGAACTACCACA-1,CD14+ Monocyte,1074,0.012675574,2919.0,0.07031049,-1.0605667,S,1,1074,2919.0,1.2675574
CATCCCGATCTCAT-1,Dendritic,1105,0.025212836,3054.0,-0.09171296,-0.8675614,G1,5,1105,3054.0,2.5212836
CATCCCGATCTGGA-1,Dendritic,1160,0.020500347,2878.0,-0.26925215,-0.75824976,G1,1,1160,2878.0,2.0500348
CATCTCCTAGCGTT-1,CD4+/CD45RA+/CD25- Naive T,1058,0.009642857,2800.0,-0.12639005,-0.9979973,G1,0,1058,2800.0,0.96428573
CCAAGAACATGCCA-1,Dendritic,1053,0.005584859,3223.0,-0.06400579,-1.0496984,G1,6,1053,3223.0,0.55848587
CCAGAAACGTTGAC-1,CD14+ Monocyte,1038,0.0109756095,3280.0,-0.06289348,-0.85764754,G1,6,1038,3280.0,1.097561
CCCTACGACCAACA-1,CD8+ Cytotoxic T,1001,0.023123123,3330.0,0.08010119,-1.0601723,S,0,1001,3330.0,2.3123124
CGAAGACTTATTCC-1,Dendritic,1164,0.012293853,3335.0,-0.2139152,-0.95489645,G1,2,1164,3335.0,1.2293853
CGGACCGATTTCGT-1,CD8+/CD45RA+ Naive Cytotoxic,1035,0.014635698,3143.0,0.10052098,-1.0377607,S,0,1035,3143.0,1.4635698
CGTTATACACGGAG-1,CD8+ Cytotoxic T,1312,0.021341464,3608.0,-0.039351046,-0.922146,G1,5,1312,3608.0,2.1341465
CTACGCACGAGGGT-1,CD4+/CD25 T Reg,1013,0.014646308,3209.0,0.009418249,-1.1249028,S,0,1013,3209.0,1.4646307
CTAGGTGATACGAC-1,CD8+/CD45RA+ Naive Cytotoxic,1094,0.024581308,3702.0,0.10271464,-1.032531,S,0,1094,3702.0,2.4581308
CTATCCCTCAGAGG-1,Dendritic,1174,0.015894765,3649.0,-0.17191182,-0.9354758,G1,6,1174,3649.0,1.5894765
CTCAGCACGCTTCC-1,CD19+ B,1050,0.021790944,2937.0,-0.23452736,-0.72312963,G1,8,1050,2937.0,2.1790943
CTTAGACTTATTCC-1,CD19+ B,2284,0.017421603,7749.0,1.5673625,0.25839937,S,8,2284,7749.0,1.7421603
GAAGAATGATTCGG-1,CD8+/CD45RA+ Naive Cytotoxic,1015,0.008874802,3155.0,-0.15594451,-0.88125944,G1,0,1015,3155.0,0.8874802
GAAGGTCTCCCTAC-1,CD19+ B,1186,0.020292208,3696.0,0.038889512,-0.9267407,S,4,1186,3696.0,2.0292208
GACCTCTGAGTGCT-1,Dendritic,1177,0.017288694,3644.0,-0.11736906,-1.166942,G1,2,1177,3644.0,1.7288694
GACGAACTAACCAC-1,CD14+ Monocyte,1156,0.012134002,3791.0,-0.109573394,-1.0680733,G1,5,1156,3791.0,1.2134001
GACGTCCTAAGGCG-1,CD56+ NK,1100,0.0103125,3200.0,-0.11827886,-1.1375585,G1,3,1100,3200.0,1.03125
GAGCATACGAGAGC-1,CD19+ B,1197,0.01050474,3903.0,-0.1379436,-0.86621594,G1,4,1197,3903.0,1.050474
GAGCGCACAGAGGC-1,CD8+ Cytotoxic T,1362,0.020386266,3728.0,0.3590678,-0.9350809,S,3,1362,3728.0,2.0386267
GAGGATCTGGAGGT-1,CD14+ Monocyte,1074,0.017383348,3279.0,-0.10417565,-0.8792856,G1,1,1074,3279.0,1.7383348
GAGGGTGACCTATT-1,CD4+/CD25 T Reg,1003,0.012970579,3161.0,-0.0060035884,-1.0296339,G1,0,1003,3161.0,1.2970579
GATTGGACATCAGC-1,CD14+ Monocyte,1031,0.01650846,2423.0,-0.13082615,-1.0038146,G1,1,1031,2423.0,1.650846
GCAACCCTACGTAC-1,Dendritic,1068,0.015728217,3179.0,-0.20893571,-0.87754625,G1,6,1068,3179.0,1.5728216
GCAATTCTGACGAG-1,Dendritic,1149,0.01290129,3333.0,-0.16606829,-0.67296445,G1,2,1149,3333.0,1.2901291
GCACCACTCTGTGA-1,CD14+ Monocyte,1140,0.013034854,3529.0,-0.21609737,-1.0162791,G1,1,1140,3529.0,1.3034854
GCACGGACTTTGCT-1,CD19+ B,1058,0.02121119,3253.0,0.02149862,-0.7721127,S,4,1058,3253.0,2.121119
GCAGCTCTGCAGTT-1,Dendritic,1027,0.012965426,3008.0,-0.068580665,-1.1495824,G1,6,1027,3008.0,1.2965426
GCAGGGCTGGATTC-1,Dendritic,1168,0.014345488,3346.0,-0.087385386,-1.0425338,G1,2,1168,3346.0,1.4345487
GCCGACGACCTTCG-1,CD8+/CD45RA+ Naive Cytotoxic,1056,0.014463408,3457.0,-0.009047568,-1.039473,G1,0,1056,3457.0,1.4463408
GCCGGAACCTGACA-1,CD14+ Monocyte,1009,0.025786879,2637.0,-0.17724864,-0.94450283,G1,1,1009,2637.0,2.578688
GCGCACGATGCTGA-1,Dendritic,1004,0.0143613005,2646.0,-0.14410575,-1.0119313,G1,1,1004,2646.0,1.43613
GCTTAACTTCCAGA-1,Dendritic,1048,0.021068472,2658.0,-0.096121565,-1.0706526,G1,1,1048,2658.0,2.1068473
GGAATCTGCGACTA-1,Dendritic,1214,0.016073782,3795.0,-0.18798606,-1.0484775,G1,2,1214,3795.0,1.6073782
GGACGCACATCGTG-1,CD19+ B,1431,0.016762242,4534.0,0.2322211,-0.91056573,S,4,1431,4534.0,1.6762242
GGATTTCTTGGAGG-1,CD14+ Monocyte,1031,0.008573388,2916.0,0.04410979,-0.60494477,S,5,1031,2916.0,0.8573388
GGCGGACTCCATAG-1,CD4+/CD25 T Reg,1055,0.022314675,2644.0,0.08692759,-1.0851583,S,0,1055,2644.0,2.2314675
GGTACTGAACCCAA-1,Dendritic,1196,0.008496176,3531.0,0.14600702,-0.9138022,S,2,1196,3531.0,0.84961766
GGTATCGACTCGAA-1,Dendritic,1194,0.021118382,3362.0,-0.03857182,-0.8075411,G1,1,1194,3362.0,2.111838
GTAAGCACCGTAGT-1,CD19+ B,1163,0.019166667,3600.0,0.16790643,-0.7833593,S,4,1163,3600.0,1.9166667
GTCCCATGTTCGTT-1,Dendritic,1359,0.022170609,4736.0,-0.053352967,-0.96348906,G1,7,1359,4736.0,2.2170608
GTGACCCTTAGAAG-1,Dendritic,1084,0.016061453,2864.0,0.058776528,-0.8802473,S,5,1084,2864.0,1.6061453
GTGGTAACACGACT-1,CD14+ Monocyte,1120,0.016022291,2871.0,-0.019462794,-0.9017016,G1,1,1120,2871.0,1.6022291
GTTCATACGAACTC-1,CD8+/CD45RA+ Naive Cytotoxic,1294,0.01591512,4147.0,-0.08465895,-0.91102904,G1,0,1294,4147.0,1.591512
TAAACAACTACTTC-1,CD56+ NK,1189,0.021205695,3301.0,-0.1556479,-1.0652394,G1,3,1189,3301.0,2.1205695
TAACATGACTTGAG-1,Dendritic,1375,0.016478343,4248.0,-0.067506716,-1.1401737,G1,7,1375,4248.0,1.6478343
TAAGAACTGCTCCT-1,Dendritic,1565,0.0127910795,6098.0,-0.10799996,-0.858256,G1,7,1565,6098.0,1.2791079
TAAGAGGAACTGGT-1,Dendritic,1101,0.013080037,3211.0,-0.15322481,-0.9488411,G1,2,1101,3211.0,1.3080037
TACAATGATTAGGC-1,CD8+ Cytotoxic T,1061,0.012225818,2781.0,-0.25210607,0.005040884,G2M,0,1061,2781.0,1.2225817
TACCGCTGTCTTAC-1,Dendritic,1325,0.016651459,4384.0,-0.07791787,-0.82180727,G1,6,1325,4384.0,1.6651459
TACTCTGACGTAGT-1,Dendritic,1118,0.0120689655,2900.0,0.12263769,-0.7605544,S,1,1118,2900.0,1.2068965
TAGAAACTTAGAAG-1,CD4+/CD25 T Reg,1133,0.011299435,3186.0,-0.19303393,-0.92475253,G1,0,1133,3186.0,1.1299435
TAGGTTCTGTACCA-1,Dendritic,1343,0.012357884,4046.0,-0.093547314,-0.86389697,G1,2,1343,4046.0,1.2357885
TAGTTCACAAGGCG-1,Dendritic,1027,0.017821781,3030.0,0.026212424,-0.67317486,S,5,1027,3030.0,1.7821782
TATGGTCTGGCAAG-1,Dendritic,1184,0.014728925,3191.0,-0.05605735,-0.7995618,G1,1,1184,3191.0,1.4728925
TCACCCGACGTTAG-1,CD8+ Cytotoxic T,1459,0.020333469,4918.0,0.034800217,-1.0180987,S,0,1459,4918.0,2.033347
TCAGCGCTCGTCTC-1,CD4+/CD25 T Reg,1024,0.015160183,3496.0,-0.040611714,-1.063298,G1,0,1024,3496.0,1.5160184
TCGTAGGACCCTTG-1,CD14+ Monocyte,1138,0.017895712,3241.0,-0.20873399,-1.0568448,G1,1,1138,3241.0,1.7895712
TCTAAGCTGGGTGA-1,CD56+ NK,1090,0.022764228,3075.0,0.110743985,-1.0447534,S,3,1090,3075.0,2.2764227
TCTCAAACGCCATA-1,CD19+ B,1013,0.024082117,2533.0,0.076169044,-0.966679,S,4,1013,2533.0,2.4082117
TCTCCACTGGGAGT-1,CD8+/CD45RA+ Naive Cytotoxic,1071,0.02137108,3603.0,-0.12553233,-1.3423394,G1,0,1071,3603.0,2.1371078
TCTGATACTGCACA-1,Dendritic,1187,0.023480663,2896.0,0.06662162,-0.94877887,S,5,1187,2896.0,2.3480663
TGAGCTGAGTAGGG-1,CD8+ Cytotoxic T,1403,0.025175503,4131.0,0.39320236,-1.0090109,S,3,1403,4131.0,2.5175502
TGTTAAGAAGCGGA-1,CD19+ B,2605,0.023059914,9497.0,1.3490002,2.4171429,G2M,8,2605,9497.0,2.3059914
TTATGAGAGCTTCC-1,Dendritic,1128,0.011265164,3462.0,-0.1989621,-0.9137929,G1,2,1128,3462.0,1.1265165
TTCACAACAGCCTA-1,CD14+ Monocyte,1113,0.01446281,3388.0,-0.10445456,-0.63100654,G1,1,1113,3388.0,1.446281
AAACGGCTAGCAAA-2,CD14+ Monocyte,1245,0.014968487,3808.0,0.18457569,-0.9565451,S,6,1245,3808.0,1.4968487
AACACTCTTCCCGT-2,CD19+ B,1367,0.025238095,4200.0,-0.09530504,-0.5040053,G1,8,1367,4200.0,2.5238094
AAGGTGCTGTTGGT-2,CD4+/CD25 T Reg,1135,0.017801046,2865.0,-0.0023306012,-1.0870806,G1,0,1135,2865.0,1.7801046
AAGTAACTACGCAT-2,CD19+ B,1021,0.024334101,3041.0,-0.23055145,-1.1048381,G1,4,1021,3041.0,2.4334102
AATCCTTGCCTTCG-2,Dendritic,1131,0.015048268,3522.0,-0.21223621,-1.0833108,G1,6,1131,3522.0,1.5048268
AATCTCACTGATGC-2,CD8+ Cytotoxic T,1125,0.019765494,2985.0,0.027549446,-0.96510595,S,4,1125,2985.0,1.9765494
AATGGAGATGCTCC-2,CD8+/CD45RA+ Naive Cytotoxic,1061,0.015367103,3514.0,-0.022902086,-1.2599801,G1,0,1061,3514.0,1.5367103
ACACGATGTCCGTC-2,CD14+ Monocyte,1038,0.025330003,2803.0,-0.09553737,-0.85105747,G1,1,1038,2803.0,2.5330002
ACCAGCCTCTCTAT-2,Dendritic,1123,0.01644205,3710.0,0.05863516,-0.90246123,S,6,1123,3710.0,1.644205
ACGACAACAGCTCA-2,Dendritic,1034,0.011861615,3035.0,-0.10849814,-0.94150794,G1,6,1034,3035.0,1.1861615
ACGGAACTGTAGCT-2,CD19+ B,1236,0.02,3850.0,0.10835062,-0.71792686,S,4,1236,3850.0,2.0
ACTCGAGAAGCATC-2,CD56+ NK,1036,0.02351314,2169.0,1.9387906,-0.13465011,S,3,1036,2169.0,2.351314
AGAAGATGCTTCTA-2,Dendritic,1210,0.016841523,3622.0,-0.10110222,-0.81085485,G1,2,1210,3622.0,1.6841524
AGACACACATTCGG-2,CD56+ NK,1191,0.017793594,2810.0,1.754409,1.1416173,S,3,1191,2810.0,1.7793593
AGCAAGCTCATCAG-2,CD14+ Monocyte,1011,0.0142760025,2942.0,-0.1463305,-1.0586289,G1,1,1011,2942.0,1.4276003
AGCGGCACCGTACA-2,CD14+ Monocyte,1008,0.017069701,2812.0,-0.21433358,-0.9048338,G1,1,1008,2812.0,1.7069701
AGCTTTACGCATAC-2,CD19+ B,1011,0.007086908,2681.0,0.034212515,-0.88978505,S,4,1011,2681.0,0.7086908
AGGACTTGTTTCTG-2,CD14+ Monocyte,1039,0.0144665465,2765.0,-0.047916777,-0.90753925,G1,1,1039,2765.0,1.4466547
AGTACGTGAACCTG-2,Dendritic,1475,0.01510574,4634.0,-0.23888886,-1.062847,G1,2,1475,4634.0,1.510574
ATAACATGACACGT-2,Dendritic,1228,0.008408234,3449.0,-0.18463175,-1.073723,G1,2,1228,3449.0,0.8408235
ATAGAACTTTACCT-2,CD14+ Monocyte,1108,0.008604794,3254.0,-0.20790006,-0.9757941,G1,5,1108,3254.0,0.86047935
ATGAAGGATGCAGT-2,Dendritic,1191,0.018937401,3802.0,-0.008226588,-0.91012114,G1,2,1191,3802.0,1.8937402
ATTGAATGCTCGCT-2,Dendritic,1486,0.012545528,4942.0,-0.028160065,-0.8968521,G1,2,1486,4942.0,1.2545528
ATTGCACTTCAGTG-2,CD8+/CD45RA+ Naive Cytotoxic,1490,0.015940728,4454.0,0.68818825,0.50463927,S,9,1490,4454.0,1.5940728
ATTGTAGATCACGA-2,CD19+ B,1023,0.0251464,2903.0,-0.1864297,-0.92797977,G1,8,1023,2903.0,2.51464
ATTTCGTGGACTAC-2,CD8+ Cytotoxic T,1006,0.016260162,2952.0,0.09452471,-0.7986032,S,3,1006,2952.0,1.6260161
CAAGACTGATGCCA-2,CD4+/CD25 T Reg,1158,0.02113652,2886.0,-0.0056014955,-1.0224998,G1,0,1158,2886.0,2.113652
CAAGCCCTCGAATC-2,CD56+ NK,1083,0.015712682,2673.0,-0.24848731,-0.7796903,G1,3,1083,2673.0,1.5712682
CACAGTGACTACTT-2,Dendritic,1160,0.014059754,3983.0,-0.079586186,-0.94208807,G1,2,1160,3983.0,1.4059755
CAGATGACGAGGTG-2,CD14+ Monocyte,1098,0.011290929,2657.0,-0.05343567,-0.97696435,G1,1,1098,2657.0,1.1290929
CATGGATGTACTCT-2,Dendritic,1120,0.020264316,3405.0,-0.15894432,-0.9421275,G1,2,1120,3405.0,2.0264316
CATTGACTATGTGC-2,CD8+/CD45RA+ Naive Cytotoxic,1062,0.008550053,2807.0,-0.18404174,-0.8673245,G1,0,1062,2807.0,0.8550053
CATTGGGACTTGGA-2,CD4+/CD25 T Reg,1009,0.020445252,2201.0,-0.121667996,-0.9171701,G1,0,1009,2201.0,2.0445251
CCAATGGAACTGTG-2,Dendritic,1263,0.015300547,3660.0,-0.08584161,-1.101195,G1,2,1263,3660.0,1.5300547
CCAGTCACCGGAGA-2,CD8+ Cytotoxic T,1013,0.013884506,3169.0,-0.2872228,-0.9370861,G1,0,1013,3169.0,1.3884506
CGAGGCACCCACCT-2,CD14+ Monocyte,1395,0.012887181,4423.0,-0.16900206,-1.0226915,G1,5,1395,4423.0,1.2887181
CGGATAACGGTGGA-2,CD4+/CD25 T Reg,1128,0.013307458,3607.0,-0.15004309,-1.0707374,G1,0,1128,3607.0,1.3307458
CGTCCAACGAGGGT-2,CD8+ Cytotoxic T,1019,0.019607844,2907.0,-0.13020033,-0.86722666,G1,0,1019,2907.0,1.9607844
CTAGGATGACGACT-2,Dendritic,1058,0.020930959,3201.0,-0.0020859838,-1.0474238,G1,2,1058,3201.0,2.0930958
CTCCATCTAGCCAT-2,Dendritic,1089,0.022265881,3054.0,-0.034406736,-0.99914914,G1,5,1089,3054.0,2.2265882
CTGAATCTAGGTTC-2,CD8+/CD45RA+ Naive Cytotoxic,1378,0.022060666,3989.0,-0.19972336,0.3432336,G2M,0,1378,3989.0,2.2060666
CTGATACTTCGACA-2,CD4+/CD25 T Reg,1071,0.014515133,3238.0,0.3508894,-1.0953455,S,0,1071,3238.0,1.4515133
CTTAAAGATCTCAT-2,CD8+/CD45RA+ Naive Cytotoxic,1034,0.01889483,2805.0,0.08193821,-0.90875775,S,3,1034,2805.0,1.8894831
GACTTTACAGGTTC-2,CD34+,1374,0.020271827,4341.0,-0.11269142,-0.9908781,G1,10,1374,4341.0,2.0271826
GATTGGTGCCGTAA-2,CD34+,1619,0.018782735,5537.0,0.19339243,-0.94225925,S,10,1619,5537.0,1.8782735
GCATGATGTTCTAC-2,Dendritic,1478,0.009471767,5490.0,0.07425524,-0.8286093,S,7,1478,5490.0,0.9471767
GCGTACCTGAAGGC-2,CD8+ Cytotoxic T,1083,0.01494358,3279.0,-0.035797,-1.0837873,G1,0,1083,3279.0,1.4943581
GGAACTTGTTGTCT-2,CD14+ Monocyte,1181,0.015531661,3348.0,-0.10570254,-0.69088525,G1,1,1181,3348.0,1.5531662
GGGATGGAATGCCA-2,CD8+/CD45RA+ Naive Cytotoxic,1157,0.012753624,3450.0,-0.07680574,-0.88988215,G1,0,1157,3450.0,1.2753624
GGGCACACGGAGTG-2,Dendritic,1027,0.015010007,2998.0,-0.059666067,-0.86895937,G1,2,1027,2998.0,1.5010006
GGGCAGCTTTCCGC-2,Dendritic,1068,0.014763483,3319.0,-0.11033211,-1.0918444,G1,2,1068,3319.0,1.4763483
GGGCCATGGCTACA-2,CD14+ Monocyte,1127,0.013797634,3044.0,-0.2545689,-1.019318,G1,1,1127,3044.0,1.3797635
GTCACCTGCTATGG-2,CD14+ Monocyte,1242,0.014360674,3621.0,-0.07997239,-1.0653069,G1,1,1242,3621.0,1.4360673
GTGATTCTGTTACG-2,CD14+ Monocyte,1025,0.01898734,3002.0,-0.03184195,-0.9137211,G1,1,1025,3002.0,1.8987341
GTTACGGACCGAAT-2,CD34+,1500,0.015770145,4629.0,-0.18213129,-0.88481194,G1,10,1500,4629.0,1.5770144
GTTACTACTTCCGC-2,CD4+/CD45RA+/CD25- Naive T,1777,0.022695772,5772.0,0.718877,-0.51205945,S,8,1777,5772.0,2.2695773
GTTAGTCTGGTGGA-2,CD19+ B,1283,0.02120441,3537.0,-0.18699326,-1.0258707,G1,8,1283,3537.0,2.120441
GTTGTACTCCCTAC-2,Dendritic,1316,0.012726382,4086.0,-0.08592281,-0.8417162,G1,2,1316,4086.0,1.2726382
TAAGATTGAGATGA-2,CD4+/CD45RO+ Memory,1204,0.017432647,3155.0,-0.15115479,-0.7057482,G1,0,1204,3155.0,1.7432647
TACGGAACAACAGA-2,CD19+ B,1027,0.014298481,3357.0,-0.13473135,-0.8157038,G1,4,1027,3357.0,1.4298481
TACTAAGAAGCGGA-2,CD8+ Cytotoxic T,1144,0.016718267,3230.0,0.24045353,-0.8817743,S,0,1144,3230.0,1.6718266
TAGATCCTGGGCAA-2,CD19+ B,1003,0.019869514,3372.0,-0.19332935,-0.982528,G1,4,1003,3372.0,1.9869514
TAGGAGCTCGAGTT-2,CD14+ Monocyte,1037,0.012757974,2665.0,-0.09586909,-0.9898127,G1,1,1037,2665.0,1.2757974
TATAGATGAGCTCA-2,Dendritic,1136,0.012173913,3450.0,-0.19965418,-0.8709197,G1,2,1136,3450.0,1.2173914
TATCTTCTGCTAAC-2,Dendritic,1202,0.012460156,3451.0,-0.14888258,-1.0426344,G1,2,1202,3451.0,1.2460157
TCATTGACACTTTC-2,CD14+ Monocyte,1034,0.013605442,2793.0,-0.01560244,-0.61067224,G1,1,1034,2793.0,1.3605442
TCCCGAACTCAGTG-2,CD14+ Monocyte,1098,0.016624844,3188.0,-0.056991965,-1.2275884,G1,5,1098,3188.0,1.6624844
TGAGGTACGAGATA-2,Dendritic,1195,0.022356654,3802.0,-0.18116961,-0.751572,G1,5,1195,3802.0,2.2356653
TGGAAAGATGGCAT-2,CD8+/CD45RA+ Naive Cytotoxic,1012,0.015202189,3289.0,-0.081420265,-0.998798,G1,0,1012,3289.0,1.5202188
TTATGCACGCTTAG-2,CD14+ Monocyte,1054,0.012780656,2895.0,-0.1784474,-1.1363453,G1,1,1054,2895.0,1.2780656
TTATGCACTGCAGT-2,CD4+/CD25 T Reg,1083,0.017984496,3225.0,-0.28986338,-0.9809463,G1,0,1083,3225.0,1.7984496
TTATGGCTGGCAAG-2,CD4+/CD25 T Reg,1236,0.023962595,3422.0,-0.18331568,-0.5305146,G1,0,1236,3422.0,2.3962595
TTCTAGTGTGCTAG-2,Dendritic,1296,0.0126715945,3788.0,-0.1713556,-0.853655,G1,2,1296,3788.0,1.2671595
TTGATCTGCTTAGG-2,CD19+ B,1052,0.02369526,3334.0,-0.04258506,-0.7547556,G1,4,1052,3334.0,2.369526
AACACTCTCCTGAA-3,CD19+ B,1069,0.028750826,3026.0,-0.1982467,-0.5736885,G1,4,1069,3026.0,2.8750825
AACCACGACGTTGA-3,Dendritic,1190,0.029216468,3012.0,-0.23277125,-0.7772648,G1,5,1190,3012.0,2.9216468
AACCAGTGGGTATC-3,CD19+ B,1290,0.01460728,4176.0,0.046874434,-0.91868985,S,4,1290,4176.0,1.4607279
AACGCCCTGTTGGT-3,CD8+ Cytotoxic T,1064,0.020923076,3250.0,-0.17787871,-0.79223585,G1,0,1064,3250.0,2.0923076
AACGTTCTATAAGG-3,Dendritic,1528,0.017465627,5382.0,0.07803072,-1.0909505,S,7,1528,5382.0,1.7465627
AAGCCAACTACGCA-3,CD4+/CD25 T Reg,1168,0.0142608695,2875.0,-0.2267501,-0.81186515,G1,0,1168,2875.0,1.4260869
AAGTTCCTCCCACT-3,Dendritic,1152,0.009572072,3552.0,0.17977257,-0.90511084,S,2,1152,3552.0,0.9572072
AATCTAGAGTTGCA-3,Dendritic,1361,0.012798993,4766.0,-0.06075956,-0.9525221,G1,2,1361,4766.0,1.2798992
AATCTCACTCAGTG-3,CD4+/CD45RO+ Memory,1183,0.016056197,3986.0,-0.22526567,-1.0849891,G1,0,1183,3986.0,1.6056197
ACAGTGTGTACTGG-3,CD4+/CD45RO+ Memory,1867,0.017584369,5630.0,0.933948,-0.41582984,S,9,1867,5630.0,1.7584369
ACCCAGCTACCTAG-3,Dendritic,1227,0.013722886,4518.0,0.12227784,-0.8010534,S,2,1227,4518.0,1.3722886
ACGAACTGGGGATG-3,CD34+,1017,0.013720485,3134.0,-0.064926356,-0.81410396,G1,10,1017,3134.0,1.3720485
ACGACCCTGTCTGA-3,Dendritic,1074,0.017465627,2691.0,-0.23768353,-0.82396495,G1,1,1074,2691.0,1.7465627
ACGCTCACGTCTGA-3,CD8+ Cytotoxic T,1129,0.018046709,2826.0,-0.12957972,-0.7416116,G1,3,1129,2826.0,1.8046709
ACTCGAGACGGTAT-3,Dendritic,1047,0.011911679,3442.0,0.08821538,-0.95779467,S,2,1047,3442.0,1.191168
AGAGTGCTCAGTTG-3,Dendritic,1058,0.014448201,3253.0,-0.05963435,-0.9753757,G1,2,1058,3253.0,1.4448202
AGCCGGACGGTGGA-3,CD19+ B,1780,0.030177696,6528.0,-0.092918456,-0.8342925,G1,8,1780,6528.0,3.0177696
AGCGATACTCGACA-3,Dendritic,1382,0.0058383932,4282.0,-0.1228617,-0.9057695,G1,2,1382,4282.0,0.5838393
AGCGGGCTCCTGAA-3,CD14+ Monocyte,1033,0.02596411,2619.0,0.22033276,-0.8002269,S,1,1033,2619.0,2.596411
AGGCAACTTGGTAC-3,Dendritic,1233,0.029188886,3563.0,-0.15110692,-0.80001897,G1,5,1233,3563.0,2.9188886
AGGCTAACATAAGG-3,CD19+ B,2213,0.02468801,7372.0,0.73570967,1.0462041,G2M,8,2213,7372.0,2.468801
AGTAATTGGCTTAG-3,CD56+ NK,1201,0.012558307,2787.0,-0.07742351,-0.9188187,G1,3,1201,2787.0,1.2558306
ATGCAGACAAGGCG-3,CD4+/CD25 T Reg,1314,0.011078087,3701.0,-0.15544292,-0.99556315,G1,0,1314,3701.0,1.1078087
ATTGAATGGAGGTG-3,CD4+/CD25 T Reg,1318,0.022128556,3796.0,-0.017219782,2.0773225,G2M,9,1318,3796.0,2.2128556
ATTTCCGACATGAC-3,CD8+ Cytotoxic T,1337,0.012285714,3500.0,0.6230389,-0.84445935,S,3,1337,3500.0,1.2285714
CACAGCCTACGCTA-3,Dendritic,1250,0.013806706,4056.0,0.05735901,-0.69471323,S,2,1250,4056.0,1.3806707
CACCGGGAGATAAG-3,Dendritic,1513,0.020837316,5231.0,-0.043601498,-1.047851,G1,7,1513,5231.0,2.0837317
CAGAGGGAAACGTC-3,CD14+ Monocyte,1233,0.021036107,3185.0,-0.18062618,-0.6220747,G1,1,1233,3185.0,2.1036108
CATACTACTGTCGA-3,Dendritic,1125,0.011346671,3349.0,-0.17262043,-0.8692789,G1,6,1125,3349.0,1.134667
CCTACCGACCTGTC-3,Dendritic,1051,0.012292119,2766.0,-0.15564147,-1.1825843,G1,6,1051,2766.0,1.2292119
CCTAGAGATGTCCC-3,CD4+/CD45RO+ Memory,1026,0.017593466,3183.0,-0.1738943,-0.9241561,G1,0,1026,3183.0,1.7593466
CCTCGAACGTAAGA-3,CD8+ Cytotoxic T,1060,0.020810515,2739.0,-0.3008792,-0.54423296,G1,5,1060,2739.0,2.0810513
CGACCGGACACTCC-3,CD14+ Monocyte,1046,0.018887363,2912.0,-0.1510965,-0.65391684,G1,1,1046,2912.0,1.8887364
CGAGAACTAGCACT-3,CD8+ Cytotoxic T,1741,0.026849315,5475.0,0.063739166,-0.48820037,S,0,1741,5475.0,2.6849315
CGAGGCACCCAACA-3,CD14+ Monocyte,1094,0.018147087,3141.0,0.04576114,-0.9305626,S,1,1094,3141.0,1.8147087
CGAGGGCTATCGTG-3,Dendritic,1022,0.020626152,2715.0,0.07106306,-0.8338928,S,1,1022,2715.0,2.0626152
CGATACGATATCGG-3,CD56+ NK,1106,0.018569736,2531.0,0.950158,-1.0025219,S,3,1106,2531.0,1.8569735
CGATCCACACCATG-3,CD19+ B,1008,0.0271012,2915.0,-0.04026702,-1.2383578,G1,8,1008,2915.0,2.71012
CGGACCGAATGCCA-3,CD4+/CD45RO+ Memory,1195,0.019519094,3535.0,-0.11402901,-0.90021014,G1,5,1195,3535.0,1.9519094
CGTAACGAGATACC-3,CD19+ B,1071,0.019656787,3205.0,-0.18421403,-1.0067506,G1,4,1071,3205.0,1.9656787
CTACGCACAGGGTG-3,CD4+/CD45RO+ Memory,1053,0.012073491,3810.0,0.04344476,-0.89962465,S,0,1053,3810.0,1.2073491
CTAGATCTATCGGT-3,CD8+/CD45RA+ Naive Cytotoxic,1071,0.017666854,3566.0,0.03262031,-1.1223602,S,0,1071,3566.0,1.7666854
CTAGGTGACCGCTT-3,CD4+/CD25 T Reg,1025,0.01980198,3131.0,-0.17678234,-1.0730798,G1,0,1025,3131.0,1.980198
CTATAGCTGTTCGA-3,CD8+ Cytotoxic T,1104,0.019554956,2966.0,1.6487451,-0.5852937,S,3,1104,2966.0,1.9554956
CTATTGACACACCA-3,CD19+ B,1199,0.019508058,3537.0,-0.2051759,-0.8171295,G1,4,1199,3537.0,1.9508058
CTTTGATGGTCGTA-3,Dendritic,1378,0.014002333,4285.0,-0.13999875,-0.767184,G1,2,1378,4285.0,1.4002334
GAAAGATGCCACAA-3,CD4+/CD25 T Reg,1002,0.021781534,3076.0,-0.103053235,-0.80286944,G1,0,1002,3076.0,2.1781535
GACAACACGGTTTG-3,CD4+/CD25 T Reg,1031,0.014788524,3381.0,-0.097394824,-0.8976773,G1,0,1031,3381.0,1.4788524
GACCATGACTAAGC-3,CD14+ Monocyte,1155,0.013363662,3517.0,-0.07963929,-0.69422483,G1,5,1155,3517.0,1.3363662
GACGTCCTGGAGCA-3,CD8+/CD45RA+ Naive Cytotoxic,1045,0.012946006,3167.0,0.12306225,-0.7141403,S,0,1045,3167.0,1.2946006
GAGCATACTGTCAG-3,CD14+ Monocyte,1040,0.014566642,2746.0,-0.11095835,-0.858513,G1,1,1040,2746.0,1.4566642
GATAATACTCCAGA-3,Dendritic,1805,0.014534444,6605.0,-0.15786508,-0.9154776,G1,7,1805,6605.0,1.4534444
GATCTACTTTATCC-3,CD14+ Monocyte,1033,0.02200393,2545.0,-0.2029883,-0.83267546,G1,1,1033,2545.0,2.200393
GATCTTTGCGTTGA-3,Dendritic,1064,0.017488632,2859.0,-0.04966022,-0.73141706,G1,5,1064,2859.0,1.7488632
GATTTAGAGCCCTT-3,Dendritic,1370,0.012020244,4742.0,-0.037722252,-0.71197134,G1,7,1370,4742.0,1.2020245
GCACCTACATTCGG-3,Dendritic,1424,0.010360547,4826.0,-0.07784519,-0.84191555,G1,7,1424,4826.0,1.0360547
GCATCAGAAGGTCT-3,CD19+ B,1434,0.022716736,4314.0,-0.08072998,-0.67103857,G1,4,1434,4314.0,2.2716737
GCATCAGATCTACT-3,Dendritic,1385,0.015611062,4484.0,-0.23042157,-0.8670497,G1,2,1385,4484.0,1.5611062
GCCAACCTGTAGGG-3,Dendritic,1274,0.010469867,3916.0,-0.16333157,-1.0894675,G1,6,1274,3916.0,1.0469867
GGACGCACGTTTGG-3,Dendritic,1160,0.00814427,3438.0,-0.23255032,-0.68163407,G1,6,1160,3438.0,0.81442696
GGAGACGATCAGTG-3,Dendritic,1096,0.017148014,3324.0,0.08394615,-0.982658,S,2,1096,3324.0,1.7148014
GGCCGATGCGCTAA-3,CD19+ B,1177,0.014455509,3113.0,-0.2370727,-0.94043356,G1,8,1177,3113.0,1.4455509
GGGAAGTGCAGGAG-3,CD8+/CD45RA+ Naive Cytotoxic,1080,0.018075801,3430.0,-0.113933675,-0.8358082,G1,3,1080,3430.0,1.8075801
GGGCAAGAAGGCGA-3,CD8+/CD45RA+ Naive Cytotoxic,1028,0.02295506,3093.0,-0.11044035,-0.9978819,G1,0,1028,3093.0,2.295506
GTAGCCCTGGATTC-3,CD14+ Monocyte,1099,0.024160653,3187.0,-0.20841126,-0.95158786,G1,1,1099,3187.0,2.4160652
GTCATACTCTGCTC-3,CD19+ B,1013,0.019785378,2982.0,-0.08473493,-0.8900756,G1,4,1013,2982.0,1.9785378
GTCCAAGAACCTGA-3,Dendritic,1498,0.010057472,4872.0,0.019980863,-1.0085286,S,2,1498,4872.0,1.0057472
GTGGATTGCTGTAG-3,Dendritic,1592,0.015302728,6012.0,0.014146119,-0.91405964,S,7,1592,6012.0,1.5302728
GTTATGCTACCTCC-3,CD14+ Monocyte,1201,0.016839378,3088.0,0.08637856,-0.6771766,S,1,1201,3088.0,1.6839378
GTTATGCTATCACG-3,CD8+/CD45RA+ Naive Cytotoxic,1404,0.016278487,3993.0,1.1938834,-0.33703852,S,3,1404,3993.0,1.6278486
GTTATGCTGTTCAG-3,CD8+/CD45RA+ Naive Cytotoxic,1015,0.018198643,3242.0,-0.06655747,-1.2539853,G1,0,1015,3242.0,1.8198643
GTTCAACTCTGGAT-3,CD14+ Monocyte,1092,0.019026121,3101.0,-0.21419114,-0.632898,G1,1,1092,3101.0,1.9026121
GTTCATACCTACCC-3,Dendritic,1155,0.014386287,3267.0,-0.12800863,-0.92184955,G1,2,1155,3267.0,1.4386287
GTTGGATGTTTGTC-3,CD8+ Cytotoxic T,1001,0.027720314,2417.0,-0.13115092,-0.9048059,G1,0,1001,2417.0,2.7720313
TAAAGTTGGAAACA-3,CD14+ Monocyte,1131,0.0081919255,3418.0,-0.17993157,-0.65827966,G1,6,1131,3418.0,0.8191925
TAAGTAACAACTGC-3,CD19+ B,1658,0.027085202,5575.0,-0.12695679,-0.68396115,G1,8,1658,5575.0,2.7085202
TAATCCACGGGTGA-3,CD8+ Cytotoxic T,1250,0.011173184,3938.0,-0.0929894,-0.7036637,G1,0,1250,3938.0,1.1173184
TACGAGTGTATTCC-3,Dendritic,1580,0.011995638,5502.0,-0.0431785,-0.91937685,G1,7,1580,5502.0,1.1995637
TACGCGCTTCCTAT-3,CD14+ Monocyte,1035,0.024966262,2964.0,0.006046906,-0.8647383,S,1,1035,2964.0,2.4966261
TACGTTACCTCAAG-3,CD56+ NK,1112,0.01892636,2906.0,0.0061676055,-0.8900373,S,3,1112,2906.0,1.892636
TAGGTTCTGACACT-3,Dendritic,1408,0.017663293,5435.0,-0.14206004,-0.870096,G1,7,1408,5435.0,1.7663293
TCAACACTTTCTTG-3,CD14+ Monocyte,1181,0.015905593,3898.0,0.06842917,-1.1538386,S,5,1181,3898.0,1.5905592
TCAATAGATCTCGC-3,CD8+ Cytotoxic T,1068,0.013819986,2822.0,-0.1079701,-0.76087755,G1,0,1068,2822.0,1.3819987
TCATCCCTCGAACT-3,CD56+ NK,1001,0.012925969,2553.0,-0.061531596,-0.97740984,G1,3,1001,2553.0,1.2925969
TCCGGACTATTCTC-3,CD19+ B,1496,0.01877095,4475.0,0.35535872,-0.51689035,S,4,1496,4475.0,1.877095
TCCGGACTCTACCC-3,CD4+/CD45RA+/CD25- Naive T,1045,0.017799824,3427.0,-0.016305134,-1.0744798,G1,0,1045,3427.0,1.7799824
TCGCAGCTGTATGC-3,Dendritic,1120,0.015053129,3388.0,0.15580015,-0.9178904,S,5,1120,3388.0,1.5053129
TCGGACCTTCAAGC-3,CD56+ NK,1100,0.01829009,2351.0,2.9882936,1.0037485,S,3,1100,2351.0,1.8290089
TGAACCGAGCAGTT-3,Dendritic,1106,0.015930688,3578.0,-0.18563628,-0.42118764,G1,5,1106,3578.0,1.5930688
TGACCAGACCATAG-3,CD14+ Monocyte,1088,0.020899855,3445.0,-0.038458608,-0.7202638,G1,4,1088,3445.0,2.0899854
TGACGAACTCCAGA-3,CD4+/CD25 T Reg,1055,0.014424585,3189.0,0.005620256,-0.69602585,S,0,1055,3189.0,1.4424585
TGATCGGAGGTCAT-3,Dendritic,1487,0.018683651,4710.0,-0.15348105,-0.9271385,G1,6,1487,4710.0,1.8683652
TGCAACGAATTGGC-3,CD19+ B,1251,0.025987526,3848.0,-0.026576594,-0.89681256,G1,4,1251,3848.0,2.5987527
TGCACAGAGGATTC-3,CD19+ B,1620,0.018321883,4803.0,-0.18380123,-0.80751705,G1,8,1620,4803.0,1.8321882
TGCGTAGACTGTGA-3,CD4+/CD25 T Reg,1138,0.021340547,3327.0,0.09496167,-0.9838787,S,3,1138,3327.0,2.1340547
TGGATGACATGTGC-3,CD4+/CD25 T Reg,1129,0.014191107,3171.0,-0.013742536,-0.78471065,G1,0,1129,3171.0,1.4191107
TGTAATGAACTTTC-3,CD4+/CD25 T Reg,1115,0.02902675,3514.0,-0.008900806,-0.9122389,G1,0,1115,3514.0,2.9026752
TGTAATGACTTGTT-3,CD14+ Monocyte,1093,0.024276104,3419.0,-0.2230499,-0.7940781,G1,1,1093,3419.0,2.4276104
TTAGTCTGCTACTT-3,Dendritic,1425,0.015832951,4358.0,-0.0974946,-1.0738657,G1,2,1425,4358.0,1.5832951
TTCAGTACTGCAGT-3,Dendritic,1116,0.01634643,3487.0,-0.023079425,-0.8234859,G1,2,1116,3487.0,1.6346431
AACACTCTTGAAGA-4,CD19+ B,1252,0.016280217,4054.0,0.041523412,-0.71349853,S,4,1252,4054.0,1.6280217
AAGATGGAGTGTTG-4,CD19+ B,1120,0.016726404,3348.0,-0.02403763,-0.7948671,G1,4,1120,3348.0,1.6726404
AAGTCCGACCACCT-4,CD14+ Monocyte,1135,0.016845329,3265.0,-0.16199243,-0.9846717,G1,1,1135,3265.0,1.6845329
AATCTCACGTTGGT-4,CD56+ NK,1125,0.012794613,2970.0,0.18601051,-1.2350924,S,3,1125,2970.0,1.2794613
AATCTCACTAAGCC-4,CD19+ B,1020,0.012383901,3230.0,0.0017408282,-0.85645664,S,4,1020,3230.0,1.2383901
AATGAGGATGGTTG-4,CD34+,1044,0.020954223,3102.0,0.046336472,-0.9234319,S,10,1044,3102.0,2.0954223
AATTCCTGCCTCCA-4,Dendritic,1122,0.012725345,2829.0,-0.2260892,-0.88865983,G1,5,1122,2829.0,1.2725345
ACCCGTACCTCGAA-4,Dendritic,1074,0.013287402,4064.0,0.28259847,-0.8100531,S,7,1074,4064.0,1.3287401
ACGGATTGGCTGAT-4,CD14+ Monocyte,1066,0.020670217,3193.0,0.013317674,-1.1159048,S,1,1066,3193.0,2.0670216
ACGTCGCTCGTTGA-4,CD8+/CD45RA+ Naive Cytotoxic,1229,0.022100706,4389.0,-0.17591621,-1.1833961,G1,0,1229,4389.0,2.2100706
ACGTGCCTTGACTG-4,Dendritic,1145,0.017756047,3886.0,-0.10056422,-1.0119,G1,2,1145,3886.0,1.7756047
ACGTTTACTGCTAG-4,CD8+/CD45RA+ Naive Cytotoxic,1095,0.01859155,3550.0,-0.113547206,-1.0866133,G1,0,1095,3550.0,1.8591549
ACTAAAACGGAAAT-4,Dendritic,1302,0.012946806,3553.0,-0.15845603,-0.9002528,G1,5,1302,3553.0,1.2946806
AGACCTGAGACGTT-4,Dendritic,1063,0.015078601,3117.0,-0.105643846,-1.0254289,G1,2,1063,3117.0,1.5078602
AGCCTCACCCTTGC-4,CD4+/CD25 T Reg,1311,0.024900092,3253.0,0.116891965,-0.5250366,S,0,1311,3253.0,2.490009
AGTTCTACTTCCGC-4,Dendritic,1011,0.02,2950.0,-0.039789245,-0.94883585,G1,2,1011,2950.0,2.0
AGTTGTCTGGTTAC-4,Dendritic,1307,0.010716152,3826.0,-0.10535614,-0.8970839,G1,2,1307,3826.0,1.0716152
ATACCGGATCCGAA-4,CD56+ NK,1047,0.018888889,2700.0,0.044124246,-0.81256497,S,3,1047,2700.0,1.8888888
ATAGTCCTTATCGG-4,CD14+ Monocyte,1130,0.01345609,2824.0,0.25324512,-0.98703367,S,1,1130,2824.0,1.3456091
ATGAGAGAATCTCT-4,CD56+ NK,1007,0.028280018,2157.0,1.0907917,0.58275807,S,3,1007,2157.0,2.8280017
ATGCGCCTTCCGTC-4,CD8+ Cytotoxic T,1014,0.01789187,2571.0,-0.22007221,-0.8942301,G1,3,1014,2571.0,1.7891871
CAAGGTTGGAGGCA-4,Dendritic,1302,0.021194108,3869.0,-0.08193118,-0.9022109,G1,2,1302,3869.0,2.1194108
CACCGTACCTGATG-4,CD14+ Monocyte,1024,0.02807597,2422.0,-0.22345395,-0.29036784,G1,1,1024,2422.0,2.8075972
CATAAATGTGACCA-4,Dendritic,1265,0.01800434,4610.0,-0.022793546,-1.0998033,G1,2,1265,4610.0,1.8004339
CATATAGATGGTTG-4,Dendritic,1460,0.015560166,4820.0,-0.17097683,-0.83278394,G1,7,1460,4820.0,1.5560166
CATCCCGACGGGAA-4,CD19+ B,1844,0.02196908,6145.0,-0.1776891,-0.80112255,G1,8,1844,6145.0,2.196908
CATCGGCTGCATCA-4,Dendritic,1267,0.013428572,3500.0,-0.09328009,-0.9405875,G1,2,1267,3500.0,1.3428571
CCGAAAACACTAGC-4,CD4+/CD45RA+/CD25- Naive T,1185,0.021733439,3819.0,-0.11199079,-0.9525662,G1,4,1185,3819.0,2.173344
CCTAGAGATACAGC-4,CD56+ NK,1346,0.010820045,3512.0,0.9751439,0.0026609898,S,3,1346,3512.0,1.0820045
CGACCTACTTCAGG-4,CD4+/CD45RO+ Memory,1014,0.015097053,2782.0,0.08703694,-0.9498646,S,0,1014,2782.0,1.5097053
CGCTAAGAACGACT-4,Dendritic,1458,0.014683975,4699.0,-0.05115547,-0.88107824,G1,2,1458,4699.0,1.4683975
CGGCACGAAGCTCA-4,CD8+ Cytotoxic T,1160,0.014285714,3430.0,-0.1290975,-1.0612789,G1,3,1160,3430.0,1.4285715
CTACAACTCTCTTA-4,CD19+ B,1053,0.020127796,3130.0,-0.15719007,-1.0002687,G1,4,1053,3130.0,2.0127795
CTAGTTTGGCTTAG-4,CD4+/CD45RO+ Memory,1002,0.018922254,2431.0,0.017492086,-0.9380394,S,0,1002,2431.0,1.8922255
CTGACCACCATGGT-4,CD8+/CD45RA+ Naive Cytotoxic,1559,0.024426509,4708.0,0.22886379,-0.93497646,S,0,1559,4708.0,2.4426508
CTGAGAACTGGATC-4,CD8+/CD45RA+ Naive Cytotoxic,1038,0.012700534,2992.0,-0.11416846,-1.0253199,G1,0,1038,2992.0,1.2700534
CTGCAGCTGTACGT-4,CD14+ Monocyte,1084,0.018065887,2823.0,-0.22656974,-0.9898664,G1,1,1084,2823.0,1.8065886
CTTACAACGTGAGG-4,CD4+/CD25 T Reg,1033,0.017777778,2700.0,-0.020695448,-0.80650747,G1,0,1033,2700.0,1.7777778
CTTCACCTGTCTAG-4,CD19+ B,2234,0.022972096,7705.0,0.9494823,1.0006853,G2M,8,2234,7705.0,2.2972095
GAAGTCACTGTCGA-4,Dendritic,1242,0.014952781,3812.0,-0.09283635,-0.91692746,G1,2,1242,3812.0,1.4952781
GACGTCCTATCGTG-4,Dendritic,1325,0.012771084,4150.0,-0.06088665,-1.0308524,G1,2,1325,4150.0,1.2771084
GAGATAGAGCTGAT-4,CD8+/CD45RA+ Naive Cytotoxic,1036,0.017274473,2605.0,-0.11696414,2.7822123,G2M,9,1036,2605.0,1.7274473
GATCGAACCACCAA-4,CD8+ Cytotoxic T,1172,0.010375343,3277.0,0.3129322,-0.7464943,S,3,1172,3277.0,1.0375344
GATGACACCAGATC-4,CD4+/CD45RA+/CD25- Naive T,1889,0.020364238,6040.0,1.6106528,0.3489201,S,9,1889,6040.0,2.0364237
GCAGTTGACCTATT-4,Dendritic,1142,0.015960375,3634.0,-0.12107676,-0.788889,G1,2,1142,3634.0,1.5960375
GCCCAGGATACGCA-4,CD19+ B,1056,0.016572755,3017.0,-0.08876076,-0.8681336,G1,4,1056,3017.0,1.6572754
GCCTGACTAGCATC-4,CD56+ NK,1173,0.016841523,3622.0,-0.05278273,-0.8076294,G1,3,1173,3622.0,1.6841524
GCGAAGGAAAGGGC-4,Dendritic,1040,0.013544018,3101.0,-0.05859091,-0.6102945,G1,2,1040,3101.0,1.3544018
GGAAGGACGCGAAG-4,CD14+ Monocyte,1008,0.022256931,2561.0,-0.056536525,-0.8904233,G1,1,1008,2561.0,2.2256932
GGAATGCTTCAGTG-4,Dendritic,1107,0.012210797,3112.0,-0.23319644,-0.8949379,G1,6,1107,3112.0,1.2210797
GGACTATGCTCTAT-4,CD8+/CD45RA+ Naive Cytotoxic,1036,0.021082442,3178.0,-0.0059714764,-1.1726356,G1,0,1036,3178.0,2.1082442
GGAGTTTGTCAGAC-4,CD14+ Monocyte,1015,0.02366864,2535.0,0.05184838,-0.9456395,S,1,1015,2535.0,2.366864
GGGATTACGTTGGT-4,CD19+ B,1244,0.011084906,4240.0,0.013593122,-0.97315294,S,4,1244,4240.0,1.1084906
GTACGTGAGGTAAA-4,CD14+ Monocyte,1059,0.017055988,2697.0,-0.21435143,-0.56570303,G1,1,1059,2697.0,1.7055988
GTAGCTGATTCCAT-4,CD14+ Monocyte,1092,0.015572106,2954.0,-0.22901379,-0.98709804,G1,1,1092,2954.0,1.5572106
GTGACCCTAGCTCA-4,CD14+ Monocyte,1130,0.016144656,3097.0,-0.04981552,-0.7091579,G1,1,1130,3097.0,1.6144656
GTGATGACTGGGAG-4,CD4+/CD25 T Reg,1207,0.022420047,3033.0,-0.11262514,-0.9444398,G1,0,1207,3033.0,2.2420046
GTTCAGGAACCAGT-4,Dendritic,1048,0.009552923,2617.0,-0.08822732,-0.9026173,G1,1,1048,2617.0,0.9552923
GTTCAGGACTCTCG-4,CD4+/CD25 T Reg,1028,0.027359238,2522.0,-0.15983054,-0.85138637,G1,0,1028,2522.0,2.7359238
TAAGCTCTTCTGGA-4,CD14+ Monocyte,1059,0.021497406,2698.0,-0.1311683,-0.7958474,G1,1,1059,2698.0,2.1497407
TAAGTAACAAACGA-4,Dendritic,1299,0.015408723,3829.0,-0.24092694,-0.99950457,G1,2,1299,3829.0,1.5408722
TAATCCACTCCTCG-4,CD4+/CD25 T Reg,1002,0.014376462,2991.0,-0.073082834,-0.9420785,G1,0,1002,2991.0,1.4376463
TAATCGCTCATTCT-4,CD14+ Monocyte,1027,0.02048746,2831.0,-0.1998607,-1.0547445,G1,1,1027,2831.0,2.0487459
TACATCACGTCGTA-4,Dendritic,1118,0.014714899,3262.0,-0.10471857,-0.93687147,G1,2,1118,3262.0,1.4714899
TACGCGCTCGCTAA-4,CD4+/CD25 T Reg,1070,0.017152658,3498.0,0.03677076,-0.9658389,S,0,1070,3498.0,1.7152658
TACTCTGACGTTGA-4,CD4+/CD25 T Reg,1435,0.0070491005,4114.0,-0.06739913,-0.42367297,G1,0,1435,4114.0,0.70491004
TAGAAACTTTATCC-4,Dendritic,1174,0.019330641,3466.0,-0.08435993,-0.82577896,G1,6,1174,3466.0,1.9330641
TAGAGCACCCTCAC-4,CD14+ Monocyte,1016,0.025142858,2625.0,0.1344144,-1.1615487,S,1,1016,2625.0,2.5142858
TAGCATCTCCGAAT-4,Dendritic,1275,0.02351387,3785.0,-0.18523303,-0.87161565,G1,6,1275,3785.0,2.351387
TATCACTGGCTACA-4,CD19+ B,1054,0.018978102,2740.0,-0.07079944,-0.8049662,G1,0,1054,2740.0,1.8978102
TCCATAACTCTTAC-4,CD19+ B,1417,0.020074697,4284.0,-0.09630749,-0.7908147,G1,8,1417,4284.0,2.0074697
TCTAACACAACCGT-4,CD14+ Monocyte,1030,0.010748835,2791.0,0.01964292,-0.9719157,S,1,1030,2791.0,1.0748836
TCTAACTGGCTATG-4,Dendritic,1143,0.016398516,3232.0,-0.090467684,-0.8920722,G1,5,1143,3232.0,1.6398516
TGAGCAACTCGTTT-4,Dendritic,1167,0.019521583,3637.0,0.025992617,-0.84220076,S,7,1167,3637.0,1.9521583
TGCAAGTGCTGTCC-4,CD56+ NK,1049,0.01954937,3018.0,0.26549542,-0.89649016,S,0,1049,3018.0,1.954937
TGGATCGAACCATG-4,CD14+ Monocyte,1014,0.020684168,2514.0,-0.19081338,-1.0343944,G1,1,1014,2514.0,2.0684168
TTATGCACAATCGC-4,CD8+ Cytotoxic T,1118,0.016041065,3117.0,-0.2091455,-1.1063837,G1,3,1118,3117.0,1.6041064
TTCCTAGACAGAGG-4,Dendritic,1093,0.0086326925,3591.0,-0.14386109,-1.0364696,G1,2,1093,3591.0,0.86326927
TTCGTATGCTATGG-4,CD14+ Monocyte,1079,0.013769363,2905.0,-0.048873857,-0.6032139,G1,1,1079,2905.0,1.3769363
TTCTACGACAGAGG-4,CD4+/CD25 T Reg,1061,0.019636577,3412.0,-0.180248,-0.90869504,G1,0,1061,3412.0,1.9636577
TTTCAGTGTCACGA-4,CD14+ Monocyte,1134,0.01161633,3013.0,0.10894044,-0.8545525,S,1,1134,3013.0,1.161633
AAATTCGAAGTCTG-5,CD19+ B,1076,0.014715292,3126.0,-0.029679492,-0.9036361,G1,4,1076,3126.0,1.4715291
AACACTCTCCGTAA-5,CD14+ Monocyte,1036,0.018306635,2622.0,-0.24862948,-0.6103994,G1,1,1036,2622.0,1.8306636
AACCGCCTTATCTC-5,Dendritic,1494,0.021444468,4943.0,-0.013224021,-1.0389469,G1,7,1494,4943.0,2.1444468
AACCTACTCGGGAA-5,CD19+ B,1291,0.019194756,4272.0,0.18180361,-1.0052418,S,4,1291,4272.0,1.9194756
AACGCCCTTGTAGC-5,CD19+ B,1105,0.01904474,3308.0,-0.1887832,-0.9775226,G1,4,1105,3308.0,1.904474
AACGGTACCCAAGT-5,Dendritic,1438,0.015697323,4969.0,-0.19307901,-1.0476167,G1,7,1438,4969.0,1.5697323
AACGTCGAACGTGT-5,Dendritic,1088,0.011235955,3293.0,-0.12987942,-0.98836106,G1,2,1088,3293.0,1.1235955
AACTCACTGGGTGA-5,Dendritic,1194,0.02785733,3841.0,0.15984167,-0.9191288,S,2,1194,3841.0,2.785733
AAGTCTCTCCTCGT-5,CD14+ Monocyte,1012,0.026168877,2866.0,-0.27467132,-0.75816375,G1,1,1012,2866.0,2.6168878
AATACCCTATTCGG-5,CD14+ Monocyte,1032,0.023255814,2752.0,-0.22347608,-0.95427614,G1,1,1032,2752.0,2.3255813
AATACTGACGTGAT-5,CD4+/CD45RO+ Memory,1192,0.030033711,3263.0,-0.21486576,-0.85567135,G1,0,1192,3263.0,3.0033712
AATATCGAAAGGCG-5,CD8+ Cytotoxic T,1008,0.01954652,2558.0,-0.10949622,-1.0942398,G1,3,1008,2558.0,1.954652
AATCCTACCTGACA-5,Dendritic,1212,0.01330377,3608.0,-0.118540145,-1.0199298,G1,2,1212,3608.0,1.330377
ACCTTTGAGGATTC-5,CD8+ Cytotoxic T,1132,0.019680196,3252.0,0.08202244,-1.167506,S,3,1132,3252.0,1.9680196
ACGCACCTCCTCAC-5,Dendritic,1032,0.01701991,3114.0,-0.021893963,-0.97764695,G1,2,1032,3114.0,1.7019911
ACTCCTCTCGTGTA-5,Dendritic,1019,0.011978221,2755.0,-0.07041397,-1.1661041,G1,6,1019,2755.0,1.1978221
ACTTAAGACTACCC-5,CD8+ Cytotoxic T,1024,0.012653898,2924.0,-0.20612381,-0.95327747,G1,3,1024,2924.0,1.2653898
AGACACTGTGGTGT-5,CD4+/CD25 T Reg,1480,0.0060891225,3613.0,0.41893667,5.4405046,G2M,9,1480,3613.0,0.6089122
AGATCGTGCCCGTT-5,CD19+ B,1708,0.025558535,5595.0,1.3033452,1.2398418,S,9,1708,5595.0,2.5558536
AGCTGTGAAGCAAA-5,Dendritic,1274,0.012624423,4119.0,-0.11509636,-0.9518235,G1,2,1274,4119.0,1.2624424
AGTAGGCTGATAGA-5,CD14+ Monocyte,1036,0.016317016,2574.0,0.026077509,-0.6399364,S,1,1036,2574.0,1.6317016
AGTCCAGAGCCATA-5,CD14+ Monocyte,1089,0.016761769,2804.0,-0.25881144,-0.82992244,G1,1,1089,2804.0,1.6761769
ATACGTCTGAGACG-5,Dendritic,1239,0.0149294995,3617.0,-0.0290512,-1.1743609,G1,6,1239,3617.0,1.49295
ATAGCCGACATTCT-5,CD34+,1406,0.011155734,4482.0,-0.11949633,-1.0394642,G1,10,1406,4482.0,1.1155734
ATAGTTGATGAGGG-5,CD19+ B,1051,0.015647743,2748.0,-0.13325773,-0.99732673,G1,4,1051,2748.0,1.5647743
ATCTTGACTGTGGT-5,CD34+,1221,0.014676114,3952.0,0.040194154,-0.861388,S,10,1221,3952.0,1.4676113
ATGACGTGCTAGTG-5,Dendritic,1187,0.017443523,3497.0,-0.015978754,-0.9246911,G1,2,1187,3497.0,1.7443523
ATGGTGACCTTGCC-5,CD14+ Monocyte,1114,0.013819096,3184.0,-0.26269108,-0.98036927,G1,1,1114,3184.0,1.3819096
ATTACCTGGACACT-5,Dendritic,1259,0.015667949,3638.0,-0.1927177,-0.9973901,G1,6,1259,3638.0,1.5667949
ATTCGGGATAACGC-5,Dendritic,1112,0.022293927,3409.0,-0.102986425,-1.1857015,G1,2,1112,3409.0,2.2293928
ATTGATGACAGAGG-5,CD14+ Monocyte,1055,0.020681731,2611.0,-0.2967858,-0.8554749,G1,1,1055,2611.0,2.0681732
CAAGGACTAAGGTA-5,CD14+ Monocyte,1019,0.017897943,2626.0,-0.13008073,-0.6112491,G1,1,1019,2626.0,1.7897943
CACAGTGACTTCGC-5,Dendritic,1265,0.009067724,3529.0,-0.12816466,-0.9719202,G1,2,1265,3529.0,0.90677243
CACTTTGAAGGTTC-5,Dendritic,1205,0.018916817,3859.0,-0.19124319,-0.94329816,G1,2,1205,3859.0,1.8916818
CACTTTGACTCAAG-5,CD8+ Cytotoxic T,1182,0.019527236,2919.0,1.8879087,-0.33217752,S,3,1182,2919.0,1.9527236
CCAACCTGGGGACA-5,CD4+/CD45RO+ Memory,1354,0.011191047,3753.0,0.9584086,-0.26022804,S,3,1354,3753.0,1.1191046
CCACGGGAAAGGGC-5,Dendritic,1488,0.021659253,5171.0,-0.118390016,-0.8729489,G1,7,1488,5171.0,2.1659253
CCATATACCTCTTA-5,CD4+/CD45RO+ Memory,1023,0.016731016,3108.0,-0.17413302,-1.0050938,G1,0,1023,3108.0,1.6731017
CCCAACACAGAATG-5,Dendritic,1368,0.01369863,5037.0,-0.12642343,-0.99311805,G1,7,1368,5037.0,1.369863
CCCAGTTGGTGTTG-5,Dendritic,1325,0.015881019,3967.0,-0.16982487,-0.6808507,G1,2,1325,3967.0,1.5881019
CCCATGTGACTTTC-5,Dendritic,1269,0.01342792,3947.0,-0.11147529,-0.8979966,G1,2,1269,3947.0,1.3427919
CCCTCAGACACCAA-5,CD56+ NK,1001,0.013233348,2267.0,0.35344735,-0.8008031,S,3,1001,2267.0,1.3233348
CGCTACTGTCTTTG-5,Dendritic,1229,0.016662395,3901.0,-0.17026575,-0.8762432,G1,2,1229,3901.0,1.6662395
CTAAACCTCACTCC-5,CD19+ B,1096,0.026718548,3855.0,0.06281108,-0.81154454,S,4,1096,3855.0,2.6718547
CTAATGCTTCTAGG-5,Dendritic,1139,0.01472754,3395.0,-0.20651163,-0.9414613,G1,2,1139,3395.0,1.472754
CTACTATGGGCGAA-5,CD56+ NK,1133,0.022864401,3149.0,0.021315828,-0.8057742,S,3,1133,3149.0,2.2864401
CTATCAACCCTCCA-5,CD19+ B,1137,0.029395139,3538.0,-0.08611973,-0.7693506,G1,4,1137,3538.0,2.939514
CTGCAGCTTTCGGA-5,Dendritic,1402,0.02154195,4410.0,0.09522931,-0.7920613,S,2,1402,4410.0,2.1541948
CTTACATGTTCACT-5,Dendritic,1238,0.014764339,3522.0,-0.11015928,-0.82392657,G1,2,1238,3522.0,1.4764339
CTTTAGTGCTCTTA-5,CD8+ Cytotoxic T,1072,0.009618687,2911.0,-0.14269762,-0.7576803,G1,3,1072,2911.0,0.96186876
GAACAGCTTTCCGC-5,Dendritic,1104,0.023225384,3057.0,-0.24141555,-0.6664648,G1,1,1104,3057.0,2.3225384
GACGTAACCCTTAT-5,CD14+ Monocyte,1155,0.011820331,2961.0,-0.13613395,-0.9539908,G1,1,1155,2961.0,1.1820331
GAGAGGTGGATACC-5,CD8+ Cytotoxic T,1140,0.02329749,3348.0,0.09069215,-1.1026251,S,0,1140,3348.0,2.329749
GAGGGTGAGGGTGA-5,CD14+ Monocyte,1061,0.016849818,2730.0,-0.098092005,-0.7762487,G1,1,1061,2730.0,1.6849818
GATAAGGATGTCAG-5,Dendritic,1069,0.014240506,3160.0,-0.04882236,-0.7186797,G1,2,1069,3160.0,1.4240506
GATAGCACTGACAC-5,CD8+/CD45RA+ Naive Cytotoxic,1010,0.024059223,3242.0,0.10883336,-0.8713035,S,0,1010,3242.0,2.4059224
GATCATCTTTATCC-5,Dendritic,1172,0.013454227,3419.0,-0.15027604,-0.8877001,G1,7,1172,3419.0,1.3454226
GATGCATGATCTCT-5,CD8+ Cytotoxic T,1650,0.015544989,5468.0,-0.11369483,-0.9686775,G1,3,1650,5468.0,1.5544989
GCAAACTGCATCAG-5,CD8+/CD45RA+ Naive Cytotoxic,1306,0.014223195,3656.0,-0.07920681,-0.9771416,G1,0,1306,3656.0,1.4223194
GCAGTCCTGCAGTT-5,Dendritic,1490,0.011246664,5246.0,-0.15421209,-0.93039286,G1,7,1490,5246.0,1.1246665
GCTCCATGGGGCAA-5,CD8+ Cytotoxic T,1004,0.0235819,3138.0,-0.07357899,-0.6715987,G1,4,1004,3138.0,2.35819
GGACATTGCGTACA-5,Dendritic,1010,0.022344448,2909.0,-0.036121756,-1.0369045,G1,5,1010,2909.0,2.2344449
GGATAGCTTTCTTG-5,CD14+ Monocyte,1310,0.023333333,3900.0,-0.17589626,-0.830937,G1,1,1310,3900.0,2.3333333
GGCTAAACTCTTTG-5,CD4+/CD45RO+ Memory,1646,0.024657534,4745.0,0.8900231,-0.06450498,S,9,1646,4745.0,2.4657536
GTGTAGTGGAATAG-5,Dendritic,1231,0.0105109485,3425.0,-0.005540818,-0.7483457,G1,6,1231,3425.0,1.0510949
TAAGATTGTCCTCG-5,Dendritic,1072,0.011965192,2758.0,0.074414894,-0.47101724,S,1,1072,2758.0,1.1965191
TAAGCTCTCTAGAC-5,Dendritic,1002,0.0150703285,2986.0,0.047195017,-0.8755814,S,2,1002,2986.0,1.5070329
TAGACGTGTCCTAT-5,CD19+ B,1162,0.013570823,3537.0,-0.07143897,-0.9961449,G1,4,1162,3537.0,1.3570822
TAGAGAGATCGTGA-5,Dendritic,1030,0.014041096,2920.0,0.053436905,-0.8889707,S,2,1030,2920.0,1.4041096
TATCAGCTATGTCG-5,CD14+ Monocyte,1141,0.015269766,2947.0,0.08216381,-0.5335698,S,1,1141,2947.0,1.5269766
TATGCGGACTTGAG-5,CD14+ Monocyte,1076,0.013090909,2750.0,-0.18338366,-0.8827528,G1,1,1076,2750.0,1.309091
TATGTCTGTTCCCG-5,CD34+,1572,0.014486839,4901.0,0.17216657,-0.9958868,S,10,1572,4901.0,1.4486839
TCAATCACGGACTT-5,CD8+ Cytotoxic T,1170,0.01780914,2976.0,0.21137884,-0.63200295,S,3,1170,2976.0,1.780914
TCACCTCTTCTAGG-5,CD19+ B,1262,0.014760148,4336.0,-0.03558086,-0.98824877,G1,0,1262,4336.0,1.4760147
TCCTAAACACACCA-5,Dendritic,1080,0.02206162,2629.0,-0.0446475,-0.99181306,G1,1,1080,2629.0,2.206162
TCGCACACATGACC-5,CD4+/CD25 T Reg,1270,0.015209125,3682.0,-0.10947653,-1.1821845,G1,0,1270,3682.0,1.5209125
TCGGCACTGTTGAC-5,Dendritic,1661,0.013124775,5562.0,-0.011246845,-0.8997972,G1,2,1661,5562.0,1.3124775
TCTAACTGTACAGC-5,CD19+ B,1096,0.027307807,3369.0,0.13842398,-0.78852546,S,4,1096,3369.0,2.7307806
TGACTTACGCGATT-5,Dendritic,1233,0.01457935,4184.0,0.11734,-0.9817104,S,2,1233,4184.0,1.457935
TGGACCCTCAGCTA-5,CD56+ NK,1005,0.0048417132,2685.0,0.08101913,-0.9406708,S,3,1005,2685.0,0.48417133
TGTATGCTACGCTA-5,Dendritic,1708,0.014956522,5750.0,0.86427855,-0.7017473,S,2,1708,5750.0,1.4956522
TGTGACGAGGTTCA-5,Dendritic,1119,0.017482517,3432.0,-0.07802778,-1.1729898,G1,6,1119,3432.0,1.7482517
TGTGAGTGTGTCTT-5,CD19+ B,1173,0.014635698,3143.0,-0.23089637,-0.86306614,G1,8,1173,3143.0,1.4635698
TGTGGATGCTCTAT-5,Dendritic,1552,0.014803568,5269.0,-0.19842672,-0.9507204,G1,7,1552,5269.0,1.4803568
TTACAGCTTGGAGG-5,CD14+ Monocyte,1081,0.018411553,2770.0,-0.20870243,-0.59465563,G1,1,1081,2770.0,1.8411553
TTCACCCTGCTTCC-5,CD8+/CD45RA+ Naive Cytotoxic,1201,0.017521903,3196.0,-0.1569129,-1.0461383,G1,3,1201,3196.0,1.7521904
AAATCATGTTGGTG-6,Dendritic,1080,0.016885553,3198.0,0.075715035,-0.86794907,S,2,1080,3198.0,1.6885552
AACAGCACGCTGTA-6,Dendritic,1293,0.0132061625,4089.0,-0.12866077,-0.96223515,G1,2,1293,4089.0,1.3206162
AACCGATGCGTACA-6,CD19+ B,1411,0.0288817,4328.0,-0.10385434,-1.0586358,G1,4,1411,4328.0,2.88817
AAGAACGAACTCTT-6,CD14+ Monocyte,1067,0.019529957,3021.0,-0.20764855,-0.9829944,G1,1,1067,3021.0,1.9529958
AAGCGACTCCCTTG-6,Dendritic,1017,0.023763021,3072.0,-0.0671519,-1.0305624,G1,7,1017,3072.0,2.3763022
AATAAGCTTGGTGT-6,CD4+/CD25 T Reg,1312,0.014384656,3754.0,-0.09024523,-0.88503724,G1,0,1312,3754.0,1.4384656
ACAAAGGAGCAAGG-6,CD4+/CD25 T Reg,1496,0.013063357,4593.0,0.55695057,3.0008078,G2M,9,1496,4593.0,1.3063357
ACAAGAGACCTTGC-6,CD8+ Cytotoxic T,1390,0.016313214,4291.0,-0.19492155,-0.8423412,G1,4,1390,4291.0,1.6313214
ACGCCGGAAGCCTA-6,CD8+/CD45RA+ Naive Cytotoxic,1292,0.01831502,4368.0,-0.1598662,-0.98528814,G1,0,1292,4368.0,1.831502
AGACCTGATACTTC-6,CD14+ Monocyte,1336,0.01874835,3787.0,-0.142169,-0.90817326,G1,5,1336,3787.0,1.874835
AGATATACAGTTCG-6,CD14+ Monocyte,1022,0.026793076,2426.0,-0.08503324,-0.8494426,G1,1,1022,2426.0,2.6793075
AGCGGCACCTGTGA-6,CD8+ Cytotoxic T,1010,0.01620591,3147.0,-0.017755851,-0.9733346,G1,0,1010,3147.0,1.620591
AGGCAACTGAGCAG-6,CD14+ Monocyte,1122,0.022116367,2939.0,-0.23018265,-1.0287051,G1,1,1122,2939.0,2.2116368
ATCGCGCTCACACA-6,Dendritic,1490,0.010065886,5464.0,-0.15757844,-0.9146528,G1,7,1490,5464.0,1.0065886
ATGTCGGAGTCGAT-6,Dendritic,1150,0.013350786,3820.0,-0.124841176,-0.8789206,G1,2,1150,3820.0,1.3350786
ATGTTCACGTACGT-6,CD14+ Monocyte,1235,0.014266118,3645.0,-0.21596922,-0.95380944,G1,5,1235,3645.0,1.4266119
ATTCGGGAAGCATC-6,CD14+ Monocyte,1066,0.017220173,2439.0,0.027520925,-0.94454217,S,1,1066,2439.0,1.7220173
ATTCTTCTGTCATG-6,CD14+ Monocyte,1112,0.011951084,3598.0,-0.06417199,-0.8812008,G1,5,1112,3598.0,1.1951084
ATTGAAACAGATCC-6,CD14+ Monocyte,1024,0.01663516,2645.0,-0.10589467,-0.8709786,G1,1,1024,2645.0,1.663516
ATTGAAACCTCGAA-6,Dendritic,1339,0.018273624,4159.0,0.052980974,-0.8173918,S,2,1339,4159.0,1.8273624
ATTTCTCTTGCACA-6,Dendritic,1305,0.019314785,4349.0,-0.052444115,-0.6828298,G1,2,1305,4349.0,1.9314785
CAAATATGTGCATG-6,CD14+ Monocyte,1085,0.016304348,2760.0,-0.12822178,-0.83553433,G1,1,1085,2760.0,1.6304348
CACACCTGTGGATC-6,CD8+ Cytotoxic T,1002,0.014778325,2842.0,-0.1861032,-0.7045519,G1,3,1002,2842.0,1.4778326
CACAGATGCCGATA-6,CD14+ Monocyte,1029,0.024981631,2722.0,-0.13904938,-1.0368958,G1,5,1029,2722.0,2.498163
CACCCATGTGCGTA-6,Dendritic,1050,0.019641044,2953.0,0.064383596,-0.75877213,S,6,1050,2953.0,1.9641044
CACCTGACATCGAC-6,Dendritic,1253,0.014009169,3926.0,-0.20364444,-1.1206145,G1,6,1253,3926.0,1.4009169
CATCAGGATGCAGT-6,Dendritic,1265,0.012911084,4105.0,0.07465258,-0.83042115,S,2,1265,4105.0,1.2911084
CATTAGCTGCCAAT-6,Dendritic,1155,0.01901975,2734.0,0.34808996,-0.65974337,S,5,1155,2734.0,1.901975
CCTCTACTGTTCTT-6,CD56+ NK,1156,0.018999612,2579.0,2.7050323,0.2826569,S,3,1156,2579.0,1.8999612
CGAGAACTTACTTC-6,Dendritic,1153,0.023002064,3391.0,-0.20675524,-0.84679896,G1,1,1153,3391.0,2.3002064
CGCAGGACACTACG-6,CD4+/CD25 T Reg,1041,0.020481927,3320.0,-0.16671854,-1.1618905,G1,0,1041,3320.0,2.0481927
CGCAGGTGACGTAC-6,CD8+/CD45RA+ Naive Cytotoxic,1061,0.012840267,3894.0,-0.15793686,-0.96062005,G1,0,1061,3894.0,1.2840267
CGCTACTGGACAGG-6,Dendritic,1241,0.02966226,3405.0,-0.18784331,-0.94555837,G1,2,1241,3405.0,2.966226
CGGACTCTGATACC-6,Dendritic,1134,0.008575381,3615.0,-0.10129798,-1.1342925,G1,2,1134,3615.0,0.8575381
CGGCATCTGGAGTG-6,CD4+/CD25 T Reg,1146,0.020021645,3696.0,0.07549703,-1.077826,S,0,1146,3696.0,2.0021646
CGGTACCTTGCTGA-6,CD4+/CD25 T Reg,1009,0.0142813735,3291.0,-0.12248332,-0.8022446,G1,0,1009,3291.0,1.4281373
CGTACCACAAGAAC-6,CD8+ Cytotoxic T,1008,0.009720062,2572.0,-0.29172143,-1.1654991,G1,3,1008,2572.0,0.9720062
CGTGAATGACGACT-6,CD14+ Monocyte,1027,0.027618363,2788.0,-0.11811043,-1.008159,G1,1,1027,2788.0,2.7618363
CTACCTCTCCCTCA-6,CD19+ B,1023,0.01955403,2915.0,-0.27005416,-0.9081291,G1,8,1023,2915.0,1.955403
CTCGAAGATGTCCC-6,Dendritic,1181,0.0224,3750.0,-0.08125109,-0.7937695,G1,2,1181,3750.0,2.24
CTCGACTGAGTCAC-6,CD14+ Monocyte,1059,0.015640274,3069.0,-0.050270006,-0.9371679,G1,1,1059,3069.0,1.5640273
CTTCATGACTGCAA-6,CD14+ Monocyte,1151,0.012804878,3280.0,-0.24750246,-1.0364429,G1,6,1151,3280.0,1.2804878
CTTTAGTGGTTACG-6,CD19+ B,1121,0.0196793,2744.0,-0.024846137,-0.8404063,G1,8,1121,2744.0,1.9679301
GAAACCTGTCGTGA-6,CD14+ Monocyte,1022,0.009582689,3235.0,-0.116999164,-1.1158619,G1,6,1022,3235.0,0.9582689
GACCATGATACGCA-6,CD4+/CD25 T Reg,1028,0.015237526,3347.0,-0.2168232,-0.9430959,G1,0,1028,3347.0,1.5237526
GACGGCACAGAACA-6,CD4+/CD25 T Reg,1175,0.018030513,2884.0,-0.28575182,-0.9122195,G1,0,1175,2884.0,1.8030514
GATGCATGCTGCTC-6,Dendritic,1006,0.020401107,2892.0,-0.25093612,-1.0219942,G1,5,1006,2892.0,2.0401108
GCACGGTGTCCTTA-6,Dendritic,1069,0.018729342,2723.0,-0.18068486,-0.9361239,G1,1,1069,2723.0,1.8729342
GCAGCTCTGGGAGT-6,CD14+ Monocyte,1002,0.017128874,2452.0,-0.20567091,-0.9252412,G1,1,1002,2452.0,1.7128874
GCATTGGAATGCCA-6,CD14+ Monocyte,1028,0.026734104,2768.0,-0.0290744,-1.0719976,G1,1,1028,2768.0,2.6734104
GCCTACACTGGAGG-6,CD4+/CD25 T Reg,1046,0.020284697,2810.0,-0.2363725,-0.78907114,G1,0,1046,2810.0,2.0284698
GCGCACGAAGCACT-6,Dendritic,1140,0.0062095732,3865.0,-0.13611741,-0.8680828,G1,2,1140,3865.0,0.6209573
GCGCATCTACCGAT-6,Dendritic,1177,0.012658228,3160.0,-0.20151739,-1.0077782,G1,2,1177,3160.0,1.2658228
GCTCCATGGCAGAG-6,CD56+ NK,1252,0.013871889,2451.0,1.6717037,0.37177265,S,3,1252,2451.0,1.3871889
GCTCGACTTCAGTG-6,Dendritic,1647,0.014652792,4709.0,1.1525838,-0.111141205,S,6,1647,4709.0,1.4652792
GGAAGGACTAAGCC-6,CD19+ B,1346,0.017412333,4135.0,-0.1235749,-0.7893635,G1,8,1346,4135.0,1.7412332
GGCTAATGTAGAAG-6,CD4+/CD25 T Reg,1167,0.0140806185,3622.0,0.063455716,-1.1275849,S,0,1167,3622.0,1.4080619
GGCTACCTACGGGA-6,CD14+ Monocyte,1003,0.012378095,2666.0,-0.11428791,-0.9517566,G1,1,1003,2666.0,1.2378094
GTAAGCACAAGAAC-6,CD19+ B,1023,0.029071584,3199.0,-0.102935895,-0.88301545,G1,4,1023,3199.0,2.9071584
GTGTCAGATCTACT-6,CD14+ Monocyte,1014,0.025417298,2636.0,-0.011865497,-0.9980429,G1,1,1014,2636.0,2.54173
TAACTAGATGTCTT-6,CD8+ Cytotoxic T,1356,0.0169348,3543.0,-0.22565848,-0.8210213,G1,5,1356,3543.0,1.6934801
TAACTCACGATAGA-6,CD14+ Monocyte,1021,0.025508318,2705.0,-0.048979633,-1.1341062,G1,1,1021,2705.0,2.5508318
TAAGCTCTACCCTC-6,Dendritic,1285,0.017767107,4165.0,-0.16765802,-0.9110186,G1,2,1285,4165.0,1.7767107
TATACAGAGGTATC-6,Dendritic,1138,0.028224668,3543.0,-0.10335654,-1.0979923,G1,6,1138,3543.0,2.8224669
TATCTGACCGATAC-6,Dendritic,1410,0.01796547,4286.0,-0.24680601,-0.90056306,G1,2,1410,4286.0,1.7965469
TATGGGACTCCTAT-6,Dendritic,1596,0.016864344,5396.0,-0.018431291,-0.9660149,G1,7,1596,5396.0,1.6864345
TCACAACTGTGTCA-6,CD19+ B,1133,0.032321252,3063.0,0.083067864,-0.8001744,S,8,1133,3063.0,3.2321253
TCAGTTACCCGATA-6,CD34+,1266,0.014772158,3994.0,0.19516185,-0.91492367,S,10,1266,3994.0,1.4772158
TCCTATGACATGCA-6,Dendritic,1054,0.018848527,2918.0,-0.10863324,-0.9095975,G1,6,1054,2918.0,1.8848528
TCGAATCTTTCTCA-6,CD8+/CD45RA+ Naive Cytotoxic,1160,0.017912773,3852.0,-0.12699726,-0.92863524,G1,0,1160,3852.0,1.7912773
TCTAACACTCCTAT-6,CD14+ Monocyte,1109,0.020833334,3024.0,-0.23998256,-0.8220837,G1,1,1109,3024.0,2.0833335
TGACTTACCTCTTA-6,CD14+ Monocyte,1131,0.011086474,2706.0,-0.020649552,-0.85825205,G1,1,1131,2706.0,1.1086475
TGATAAACCAACTG-6,Dendritic,1150,0.019354839,2945.0,0.014439136,-0.6941909,S,5,1150,2945.0,1.9354839
TGATTCTGACACCA-6,CD14+ Monocyte,1053,0.018826937,2762.0,-0.16375567,-0.8577694,G1,5,1053,2762.0,1.8826938
TGGTTACTTGCATG-6,CD56+ NK,1316,0.01626457,3689.0,0.6385604,-0.7777607,S,3,1316,3689.0,1.6264571
TGTAGGTGGGTCAT-6,CD19+ B,1038,0.018092105,3040.0,-0.13259627,-1.0283449,G1,4,1038,3040.0,1.8092105
TGTCAGGATGGTGT-6,CD4+/CD25 T Reg,1012,0.015277317,3011.0,-0.22059341,-0.7697633,G1,0,1012,3011.0,1.5277317
TGTGAGACTTTACC-6,Dendritic,1165,0.02760317,3659.0,-0.19497325,-0.7566798,G1,6,1165,3659.0,2.760317
TTATGAGATGTGAC-6,Dendritic,1356,0.013359615,4566.0,0.0018472224,-1.0530906,S,7,1356,4566.0,1.3359615
TTCCTAGAGACAGG-6,Dendritic,1167,0.0120380735,3572.0,0.18299654,-1.1499094,S,0,1167,3572.0,1.2038074
TTCGTATGCTCGCT-6,CD4+/CD25 T Reg,1409,0.015214028,3878.0,0.7357599,3.7932644,G2M,9,1409,3878.0,1.5214028
TTGAATGAATACCG-6,CD19+ B,1331,0.02501226,4078.0,0.11435765,-0.43887198,S,4,1331,4078.0,2.501226
TTGTAGCTCAAAGA-6,CD8+ Cytotoxic T,1131,0.01650165,3333.0,-0.25094762,-1.0676302,G1,3,1131,3333.0,1.6501651
AAACGCACCTATGG-7,CD4+/CD45RO+ Memory,1246,0.01784266,3699.0,0.6941235,-1.0137875,S,0,1246,3699.0,1.784266
AACCACGAGGTTAC-7,CD19+ B,1016,0.011336516,3352.0,0.04204184,-0.91241384,S,0,1016,3352.0,1.1336516
AACGGTACACCTCC-7,CD19+ B,1394,0.018361922,4139.0,-0.11751197,-0.99238384,G1,8,1394,4139.0,1.8361923
AACTCTTGCATGGT-7,CD14+ Monocyte,1072,0.019110622,2721.0,-0.12553912,-0.6783515,G1,1,1072,2721.0,1.9110622
AATAACACGAGCTT-7,CD14+ Monocyte,1216,0.0102185635,3523.0,-0.18424499,-0.9311308,G1,1,1216,3523.0,1.0218563
ACATCACTGACAAA-7,Dendritic,1186,0.014338973,3487.0,-0.108543836,-1.104235,G1,2,1186,3487.0,1.4338973
ACGCAATGCATGCA-7,CD8+ Cytotoxic T,1867,0.013701037,5693.0,1.376962,0.214643,S,3,1867,5693.0,1.3701036
ACGGAACTAGTCGT-7,CD14+ Monocyte,1214,0.027734498,3209.0,-0.2913086,-0.96909106,G1,1,1214,3209.0,2.7734497
ACGTTTACAGAATG-7,Dendritic,1074,0.02014775,2978.0,-0.17347386,-1.1399797,G1,6,1074,2978.0,2.014775
ACTCAGGACGTGAT-7,CD19+ B,1029,0.018026005,3384.0,0.030739933,-0.907238,S,4,1029,3384.0,1.8026005
ACTGCCACTCTCCG-7,Dendritic,1022,0.016859852,2847.0,-0.11998312,-1.1103672,G1,5,1022,2847.0,1.6859852
AGAAAGTGGTGCTA-7,CD19+ B,1227,0.022291467,4172.0,-0.009771332,-0.58635217,G1,4,1227,4172.0,2.2291467
AGAGAATGTCACCC-7,CD8+ Cytotoxic T,1021,0.015540754,3153.0,-0.09273436,-0.92627996,G1,3,1021,3153.0,1.5540755
AGCCTCACACGCAT-7,Dendritic,1120,0.016417474,3411.0,-0.23078506,-1.1117139,G1,6,1120,3411.0,1.6417474
AGCCTCACCCTCGT-7,Dendritic,1618,0.015339664,5476.0,-0.0641126,-0.882355,G1,6,1618,5476.0,1.5339664
AGCCTCTGTGTCAG-7,Dendritic,1182,0.015678449,3508.0,-0.06932468,-0.9018106,G1,2,1182,3508.0,1.5678449
AGCTCGCTCCAATG-7,Dendritic,1275,0.015986638,4191.0,-0.19370273,-1.1010466,G1,2,1275,4191.0,1.5986638
AGCTGCCTCTACCC-7,CD8+ Cytotoxic T,1214,0.010309278,3686.0,0.16065194,-1.2518952,S,3,1214,3686.0,1.0309278
AGGTTCGAATGCCA-7,CD34+,1354,0.021648044,4296.0,-0.20262975,-0.6085861,G1,10,1354,4296.0,2.1648045
AGTGACTGTGTGGT-7,Dendritic,1270,0.012642225,3955.0,-0.110538945,-1.1153516,G1,2,1270,3955.0,1.2642225
ATACCTACTGAACC-7,Dendritic,1452,0.012936345,4870.0,-0.16611844,-1.0463644,G1,7,1452,4870.0,1.2936345
ATCTACACTCTCTA-7,CD14+ Monocyte,1019,0.01608579,2611.0,0.01628621,-1.013863,S,1,1019,2611.0,1.608579
ATGAGAGATTCCAT-7,CD19+ B,1065,0.01589638,3397.0,0.008897021,-1.0062479,S,8,1065,3397.0,1.589638
ATGTTAGAAGCGGA-7,CD4+/CD25 T Reg,1395,0.012705531,4014.0,0.38014907,-0.7124597,S,9,1395,4014.0,1.2705531
ATGTTGCTGGGCAA-7,CD14+ Monocyte,1071,0.024065161,2701.0,-0.020687774,-1.0241967,G1,1,1071,2701.0,2.406516
ATTACCACAGGTCT-7,CD19+ B,1226,0.023652086,3932.0,0.05845283,-1.0386856,S,4,1226,3932.0,2.3652086
ATTCGGGAGTTCAG-7,CD8+/CD45RA+ Naive Cytotoxic,1082,0.02425876,3339.0,-0.042521283,-0.6682565,G1,3,1082,3339.0,2.4258761
ATTGATGAAGGAGC-7,CD4+/CD45RA+/CD25- Naive T,1123,0.021921998,3923.0,0.036639243,-0.8689468,S,0,1123,3923.0,2.1921997
CAACGATGCACTGA-7,Dendritic,1317,0.020250723,4148.0,-0.10310822,-0.8798294,G1,2,1317,4148.0,2.0250723
CAAGACTGATTCTC-7,CD19+ B,1355,0.018767435,3943.0,-0.16773908,-0.8923894,G1,8,1355,3943.0,1.8767436
CACGACCTGGGAGT-7,CD4+/CD25 T Reg,1010,0.016620498,3249.0,-0.11649503,-1.0110948,G1,0,1010,3249.0,1.6620498
CAGAAGCTTAGTCG-7,CD14+ Monocyte,1107,0.015100671,2980.0,-0.16415887,-0.7566016,G1,1,1107,2980.0,1.5100671
CAGACAACAAAACG-7,CD4+/CD25 T Reg,1109,0.012701773,3779.0,-0.054588683,-1.2674569,G1,0,1109,3779.0,1.2701774
CAGTCAGAAAGGCG-7,CD14+ Monocyte,1152,0.019767806,3187.0,-0.044549286,-1.0652213,G1,1,1152,3187.0,1.9767807
CAGTTTACCACAAC-7,CD14+ Monocyte,1055,0.01831362,2621.0,-0.102171406,-1.1125097,G1,1,1055,2621.0,1.831362
CATAAATGCGCCTT-7,CD14+ Monocyte,1062,0.02414021,3024.0,-0.26032007,-0.8931662,G1,1,1062,3024.0,2.414021
CATGCGCTAATCGC-7,Dendritic,1040,0.018421967,2877.0,-0.18383917,-0.98346865,G1,1,1040,2877.0,1.8421967
CATGTTTGCTATTC-7,CD14+ Monocyte,1124,0.029392553,3062.0,-0.23700431,-0.4967432,G1,1,1124,3062.0,2.9392552
CCAAGAACCTCTCG-7,CD4+/CD25 T Reg,1354,0.012024048,3992.0,0.26137328,-0.8954825,S,0,1354,3992.0,1.2024047
CCCTTACTGTTAGC-7,Dendritic,1201,0.021526419,3577.0,-0.018274069,-0.63555056,G1,5,1201,3577.0,2.1526418
CCGCGAGAGCTCCT-7,CD14+ Monocyte,1039,0.01692421,2718.0,-0.103050515,-1.055614,G1,5,1039,2718.0,1.692421
CCGCTATGGCGGAA-7,Dendritic,1017,0.02141802,2708.0,-0.24527572,-0.8127529,G1,1,1017,2708.0,2.141802
CCGGAGTGTTCTGT-7,CD19+ B,1137,0.011060692,3526.0,-0.0053821057,-0.99130094,G1,4,1137,3526.0,1.1060692
CGAAGACTACCTTT-7,CD4+/CD25 T Reg,1059,0.018294787,2897.0,-0.23776558,-0.767794,G1,0,1059,2897.0,1.8294787
CGAGGAGATGTCCC-7,CD19+ B,1181,0.020613108,3784.0,-0.050522998,-0.84220827,G1,4,1181,3784.0,2.0613108
CGAGGCTGGTAAAG-7,Dendritic,1187,0.012,3500.0,0.023495734,-0.9833111,S,2,1187,3500.0,1.2
CGATCCACGAGATA-7,Dendritic,1242,0.012836647,3973.0,-0.2198109,-0.86095154,G1,2,1242,3973.0,1.2836647
CGGCGATGCGGTAT-7,CD14+ Monocyte,1158,0.015455951,3235.0,-0.1901101,-0.9844139,G1,5,1158,3235.0,1.545595
CGTCAAGAGTACAC-7,CD8+/CD45RA+ Naive Cytotoxic,1008,0.01607717,3421.0,-0.15100999,-0.9486487,G1,0,1008,3421.0,1.607717
CTGAACGATCAGAC-7,CD14+ Monocyte,1038,0.013279233,2711.0,-0.20870735,-0.90407014,G1,1,1038,2711.0,1.3279233
CTGAAGACATCTCT-7,CD19+ B,1064,0.022104915,3031.0,-0.06806026,-1.1138793,G1,4,1064,3031.0,2.2104914
CTTAAAGATTGAGC-7,CD56+ NK,1014,0.012632297,2929.0,-0.15441892,-0.5902942,G1,3,1014,2929.0,1.2632297
GAACGGGACCACAA-7,CD4+/CD25 T Reg,1150,0.018036768,2883.0,0.28646046,0.7650391,G2M,0,1150,2883.0,1.8036768
GAACTGTGAACTGC-7,CD34+,1918,0.008743524,6176.0,0.6026013,-0.86481893,S,10,1918,6176.0,0.87435234
GAAGTCTGGTTTCT-7,Dendritic,1235,0.013445822,3793.0,0.14889303,-1.0675099,S,2,1235,3793.0,1.3445822
GACAACTGCGGGAA-7,CD4+/CD25 T Reg,1501,0.010091527,4261.0,1.4893596,3.3388023,G2M,9,1501,4261.0,1.0091528
GACCAAACGTTGCA-7,CD19+ B,1005,0.027199462,2978.0,-0.18173452,-0.979143,G1,4,1005,2978.0,2.7199461
GACGAGGATGACAC-7,CD14+ Monocyte,1055,0.021832498,2794.0,-0.21131206,-0.62299716,G1,1,1055,2794.0,2.1832497
GATTCTACGCTAAC-7,CD19+ B,1114,0.021973928,2685.0,-0.1409655,-0.7370473,G1,8,1114,2685.0,2.197393
GCACGGACTTGCAG-7,CD8+ Cytotoxic T,1187,0.020095982,3334.0,-0.20291145,-0.82133114,G1,3,1187,3334.0,2.0095983
GCCTCAACGATAAG-7,Dendritic,1249,0.017491993,4059.0,-0.09930834,-0.9071798,G1,2,1249,4059.0,1.7491993
GCGTAAACCACAAC-7,Dendritic,1219,0.009967846,3110.0,-0.0061020255,-0.6783965,G1,2,1219,3110.0,0.99678457
GGAGGATGATTCTC-7,CD14+ Monocyte,1189,0.012236767,3514.0,-0.21001917,-0.65359396,G1,5,1189,3514.0,1.2236768
GGGACCACAGCAAA-7,CD4+/CD25 T Reg,1384,0.020861927,3643.0,-0.08961856,0.96459436,G2M,9,1384,3643.0,2.0861928
GGGCACACTCCAAG-7,CD4+/CD25 T Reg,1027,0.011738812,2726.0,0.024623454,-1.2513627,S,0,1027,2726.0,1.1738812
GTAATATGAGGTTC-7,CD8+/CD45RA+ Naive Cytotoxic,1031,0.025591811,3126.0,0.05778505,-1.0022962,S,0,1031,3126.0,2.5591812
GTCTGAGAGTGTTG-7,Dendritic,1237,0.015410016,3634.0,-0.011217982,-0.90911895,G1,6,1237,3634.0,1.5410017
GTGAACACAGGTTC-7,Dendritic,1228,0.01904762,3675.0,-0.19077744,-0.92567873,G1,6,1228,3675.0,1.904762
GTGGAGGATCTTCA-7,CD4+/CD25 T Reg,1073,0.014964029,3475.0,-0.0019214898,-0.92920065,G1,0,1073,3475.0,1.496403
GTTAAATGTCAGGT-7,CD4+/CD45RO+ Memory,1043,0.012919102,3251.0,0.16614921,-0.8868587,S,0,1043,3251.0,1.2919102
TAAGGGCTTATTCC-7,CD19+ B,1034,0.01780009,2191.0,-0.30876622,-0.9181572,G1,8,1034,2191.0,1.780009
TAATGAACATGACC-7,CD4+/CD25 T Reg,1579,0.016150152,4582.0,0.9941648,1.0438039,G2M,9,1579,4582.0,1.6150153
TAGTTAGAGCTATG-7,CD14+ Monocyte,1090,0.013874789,2955.0,-0.052209377,-1.0595063,G1,6,1090,2955.0,1.3874788
TATGTGCTGTAGGG-7,CD14+ Monocyte,1225,0.026482094,3323.0,-0.18877709,-0.8641273,G1,5,1225,3323.0,2.6482093
TCAATCACCATGCA-7,CD8+/CD45RA+ Naive Cytotoxic,1125,0.015244796,3411.0,-0.016381636,-1.0178723,G1,0,1125,3411.0,1.5244796
TCAGAGACCAATCG-7,CD8+ Cytotoxic T,1061,0.01894317,3009.0,0.44802037,-0.6918495,S,3,1061,3009.0,1.894317
TGACCGCTGAACCT-7,CD19+ B,1164,0.012954796,3628.0,-0.21359088,-0.8050056,G1,4,1164,3628.0,1.2954795
TGACGCCTACTTTC-7,CD8+/CD45RA+ Naive Cytotoxic,1027,0.013375796,3140.0,-0.20761354,-0.9159772,G1,0,1027,3140.0,1.3375796
TGACTGGAACCATG-7,Dendritic,1277,0.012961398,3549.0,-0.17675579,-0.790008,G1,1,1277,3549.0,1.2961398
TGATTCACGGGATG-7,CD56+ NK,1065,0.014625993,2393.0,-0.04905072,-0.16891158,G1,3,1065,2393.0,1.4625993
TGCAACGACTTGGA-7,Dendritic,1203,0.02039236,3874.0,0.037102655,-0.99875027,S,7,1203,3874.0,2.039236
TGCAAGACTTTCTG-7,CD8+/CD45RA+ Naive Cytotoxic,1107,0.015098723,3444.0,-0.15275663,-1.1092025,G1,0,1107,3444.0,1.5098723
TGCCAAGATTGTGG-7,CD8+ Cytotoxic T,1058,0.018674137,3213.0,-0.14547297,-0.87698627,G1,3,1058,3213.0,1.8674138
TGGATGACCTGCAA-7,CD4+/CD25 T Reg,1038,0.018550327,2911.0,-0.12157063,-0.91820586,G1,3,1038,2911.0,1.8550327
TGGTATCTTATCTC-7,Dendritic,1656,0.014745549,5561.0,0.1898403,-0.8033248,S,7,1656,5561.0,1.4745549
TGTTACTGCCGTAA-7,Dendritic,1243,0.01490889,3622.0,-0.09013815,-1.0469508,G1,2,1243,3622.0,1.4908891
TTAGCTACCCTTCG-7,Dendritic,1193,0.015493341,3679.0,-0.17050998,-0.9138759,G1,5,1193,3679.0,1.549334
TTCCATGACGAATC-7,CD8+/CD45RA+ Naive Cytotoxic,1443,0.022362774,4427.0,0.15321074,-0.27496958,S,0,1443,4427.0,2.2362773
TTCCTAGATCGATG-7,CD14+ Monocyte,1125,0.016465746,3401.0,0.15158801,-0.97277606,S,5,1125,3401.0,1.6465746
TTTCTACTGGTCTA-7,Dendritic,1132,0.017942967,3121.0,-0.041550264,-0.82872427,G1,5,1132,3121.0,1.7942967
TTTCTACTGTATGC-7,CD8+ Cytotoxic T,1258,0.016666668,3780.0,0.061547115,-1.0606736,S,0,1258,3780.0,1.6666667
AACATATGCTTCCG-8,Dendritic,1024,0.020439291,3278.0,-0.07794117,-0.6536069,G1,2,1024,3278.0,2.043929
AACCCAGACTTCTA-8,Dendritic,1265,0.020621,4219.0,-0.1720093,-0.8744376,G1,7,1265,4219.0,2.0621
AACTGTCTCTCCAC-8,CD19+ B,1064,0.0153121315,3396.0,-0.049879342,-1.1166242,G1,4,1064,3396.0,1.5312132
AAGCAAGATGTCCC-8,CD19+ B,1043,0.015520282,2835.0,-0.28635207,-0.7532677,G1,4,1043,2835.0,1.5520282
AAGTGCACCATGGT-8,Dendritic,1189,0.012672811,3472.0,-0.21255971,-0.7866672,G1,5,1189,3472.0,1.267281
ACCGCGGACTACCC-8,CD8+/CD45RA+ Naive Cytotoxic,1166,0.019988894,3602.0,0.22927967,-1.039791,S,0,1166,3602.0,1.9988894
ACGTAGACATCGAC-8,CD14+ Monocyte,1167,0.019957015,3257.0,-0.138868,-1.0157847,G1,5,1167,3257.0,1.9957016
ACGTTGGAAACGAA-8,Dendritic,1043,0.016821146,2913.0,-0.100374706,-1.175042,G1,6,1043,2913.0,1.6821146
ACTAAAACCATTCT-8,CD8+ Cytotoxic T,1019,0.013052631,2375.0,-0.29520294,-1.0280374,G1,0,1019,2375.0,1.3052632
ACTGGCCTCGAATC-8,Dendritic,1193,0.015629523,3455.0,0.106497645,-0.93119824,S,5,1193,3455.0,1.5629523
ACTTCTGAATTCTC-8,CD4+/CD45RO+ Memory,1658,0.013536027,4802.0,0.21216193,-0.47877246,S,9,1658,4802.0,1.3536026
AGCAAAGACCAAGT-8,CD19+ B,1105,0.023869699,3561.0,-0.22451782,-0.98287,G1,4,1105,3561.0,2.3869698
AGGGTGGACAGCTA-8,CD8+ Cytotoxic T,1099,0.0098085,2141.0,3.5597885,-1.1920929e-07,S,3,1099,2141.0,0.98085004
AGTACGTGTACGCA-8,CD56+ NK,1578,0.02108678,3699.0,1.3701006,1.8317658,G2M,3,1578,3699.0,2.108678
AGTGACACCAGTTG-8,Dendritic,1114,0.016694492,2995.0,-0.0474052,-0.9291187,G1,5,1114,2995.0,1.6694492
ATAAACACAATGCC-8,Dendritic,1022,0.011367551,2903.0,-0.23727416,-0.9851232,G1,5,1022,2903.0,1.1367551
ATCACGGATAACGC-8,CD4+/CD25 T Reg,1283,0.01851362,3781.0,-0.1951884,-1.0727516,G1,0,1283,3781.0,1.851362
ATCCCGTGGGTATC-8,Dendritic,1302,0.012941762,4018.0,-0.010145888,-0.8571242,G1,2,1302,4018.0,1.2941762
ATGGGTACGGTGAG-8,Dendritic,1278,0.012296051,4229.0,0.03107959,-1.0049657,S,5,1278,4229.0,1.2296051
ATTCGGGAACTACG-8,CD19+ B,1041,0.016983304,3474.0,-0.026706383,-1.3047525,G1,4,1041,3474.0,1.6983304
CAATAATGCCACAA-8,Dendritic,1148,0.018502202,3405.0,-0.04892184,-0.92016965,G1,2,1148,3405.0,1.8502202
CAATCGGAGTTGAC-8,CD4+/CD25 T Reg,1100,0.016911766,2720.0,-0.07584213,-0.9096687,G1,0,1100,2720.0,1.6911765
CACACCTGAGTACC-8,CD4+/CD25 T Reg,1193,0.023780854,3322.0,0.039565206,0.6470597,G2M,9,1193,3322.0,2.3780854
CACATGGATCCCAC-8,CD4+/CD25 T Reg,1237,0.018697226,3316.0,-0.04281622,-0.7299641,G1,0,1237,3316.0,1.8697226
CACTGAGACGAACT-8,CD56+ NK,1058,0.012929442,2707.0,0.029340103,-0.90799564,S,3,1058,2707.0,1.2929442
CAGATGACTTCGTT-8,Dendritic,1059,0.014991482,2935.0,-0.22211467,-0.89477617,G1,2,1059,2935.0,1.4991481
CATGTACTCCTTGC-8,Dendritic,1276,0.014619883,4446.0,-0.031934008,-0.91387415,G1,7,1276,4446.0,1.4619883
CATTGACTGAGGAC-8,CD4+/CD45RA+/CD25- Naive T,1313,0.021790497,3809.0,-0.052682534,-0.8888197,G1,8,1313,3809.0,2.1790497
CATTGGGAAAAGCA-8,Dendritic,1119,0.018384768,3046.0,-0.22613488,-1.0876834,G1,1,1119,3046.0,1.8384768
CCCATCGAAGCCTA-8,Dendritic,1332,0.009499537,4316.0,-0.11049429,-0.7806207,G1,2,1332,4316.0,0.9499537
CCCATCGACTTGTT-8,Dendritic,1637,0.020783076,5389.0,-0.13362113,-1.1125121,G1,7,1637,5389.0,2.0783076
CCGGAGACTGCTTT-8,Dendritic,1071,0.01687643,3496.0,0.008645073,-1.0793377,S,2,1071,3496.0,1.6876429
CGAGGAGAGTCATG-8,Dendritic,1065,0.017454777,3151.0,-0.16305733,-0.45156997,G1,6,1065,3151.0,1.7454777
CGCAAATGTGCTAG-8,CD14+ Monocyte,1042,0.019027485,3311.0,-0.110598706,-0.7832855,G1,5,1042,3311.0,1.9027485
CGGACTCTTGGATC-8,Dendritic,1029,0.029796988,3054.0,-0.18123953,-0.9892037,G1,2,1029,3054.0,2.9796987
CGGCCAGAGGCAAG-8,CD56+ NK,1115,0.009251472,2378.0,0.7698107,-0.6926813,S,3,1115,2378.0,0.9251472
CGGCGAACAATCGC-8,CD19+ B,1124,0.023928216,3009.0,-0.17484006,-0.81453454,G1,4,1124,3009.0,2.3928216
CGTTATACAGTACC-8,CD4+/CD45RO+ Memory,1034,0.010162601,2952.0,-0.22916895,-0.8817086,G1,0,1034,2952.0,1.0162601
CTACAACTTGTTTC-8,CD4+/CD25 T Reg,1177,0.023706896,2784.0,-0.16246161,-0.8031542,G1,0,1177,2784.0,2.3706896
CTCAGCTGGGCGAA-8,Dendritic,1587,0.016823811,5409.0,-0.04619488,-0.9874508,G1,7,1587,5409.0,1.6823812
CTTAAGCTCGACTA-8,CD19+ B,1016,0.01748127,2803.0,-0.13503116,-1.0386069,G1,4,1016,2803.0,1.748127
CTTGAACTTGTGCA-8,CD14+ Monocyte,1098,0.020136518,2930.0,-0.12498029,-0.58690315,G1,1,1098,2930.0,2.0136518
CTTTGATGTGTCAG-8,CD56+ NK,1006,0.017269736,2432.0,-0.130342,-0.9136359,G1,3,1006,2432.0,1.7269737
GAACAGCTTGCCAA-8,CD4+/CD45RO+ Memory,1187,0.016506603,3332.0,-0.22887383,-0.97048163,G1,0,1187,3332.0,1.6506603
GAACCAACTTCGGA-8,CD14+ Monocyte,1122,0.024868123,2654.0,-0.26880452,-1.059061,G1,1,1122,2654.0,2.4868124
GAATGCACGGTTAC-8,Dendritic,1097,0.0129906805,3541.0,-0.17715512,-0.91913956,G1,2,1097,3541.0,1.2990681
GAGGGTGAGACACT-8,CD4+/CD45RO+ Memory,1004,0.026020817,2498.0,-0.027292937,-1.0428903,G1,0,1004,2498.0,2.6020818
GATCTACTAGCCAT-8,CD19+ B,1021,0.04004215,2847.0,-0.18145598,-1.095595,G1,4,1021,2847.0,4.0042152
GCAATTCTAACGAA-8,CD4+/CD25 T Reg,1018,0.009575923,2924.0,-0.20191722,-1.043571,G1,0,1018,2924.0,0.9575923
GCACGTCTGCAAGG-8,Dendritic,1594,0.014953592,5818.0,-0.06245803,-0.97104377,G1,7,1594,5818.0,1.4953592
GCAGGGCTGTATGC-8,CD8+/CD45RA+ Naive Cytotoxic,1055,0.012287071,3581.0,-0.06447665,-0.9708561,G1,0,1055,3581.0,1.2287071
GCCGACGATGCTTT-8,Dendritic,1355,0.019007156,4472.0,-0.06750451,-1.0553726,G1,2,1355,4472.0,1.9007156
GCGAAGGAAAGAAC-8,CD34+,1354,0.014867171,4103.0,-0.16719362,-0.9293405,G1,10,1354,4103.0,1.4867171
GCTGATGATTTACC-8,CD14+ Monocyte,1125,0.020283323,3106.0,-0.12581858,-1.1531794,G1,1,1125,3106.0,2.0283322
GGAAGGTGACGCAT-8,CD8+ Cytotoxic T,1008,0.015013055,3064.0,0.10311271,-0.9066702,S,3,1008,3064.0,1.5013055
GGACGCTGCACACA-8,Dendritic,1406,0.015467384,4461.0,-0.09863103,-0.9333224,G1,2,1406,4461.0,1.5467384
GGCTAAACCTGGAT-8,CD14+ Monocyte,1032,0.022119159,2803.0,-0.18869258,-0.80187786,G1,1,1032,2803.0,2.211916
GGGATGGATTCCAT-8,CD8+ Cytotoxic T,1014,0.01191728,2853.0,0.18932743,-1.1858317,S,3,1014,2853.0,1.191728
GGTATCGATAAGGA-8,CD14+ Monocyte,1132,0.015873017,3339.0,0.009051561,-0.6682565,S,5,1132,3339.0,1.5873017
GGTATGACGAATCC-8,CD19+ B,1115,0.012337446,2999.0,-0.24608448,-0.88347197,G1,8,1115,2999.0,1.2337446
GTAGCCCTACGACT-8,CD4+/CD45RA+/CD25- Naive T,1132,0.013831259,3615.0,0.04316345,-1.2150826,S,0,1132,3615.0,1.3831259
GTAGCTGAGGAACG-8,CD19+ B,1184,0.016250376,3323.0,-0.1842295,-0.90912664,G1,8,1184,3323.0,1.6250376
GTAGTGTGTCAAGC-8,CD4+/CD25 T Reg,1865,0.022929937,5495.0,1.4857998,-0.09269261,S,9,1865,5495.0,2.2929935
GTCACCTGTGGGAG-8,CD34+,1507,0.020925554,4970.0,0.32491553,-1.0032156,S,10,1507,4970.0,2.0925553
GTCCAGCTGAACCT-8,Dendritic,1483,0.01256227,4617.0,-0.08076009,-0.9797194,G1,2,1483,4617.0,1.256227
GTGGTAACACCCAA-8,CD19+ B,1221,0.01661801,4453.0,-0.11261926,-0.9885175,G1,4,1221,4453.0,1.661801
GTTATAGACTCCAC-8,CD14+ Monocyte,1020,0.019140625,2560.0,-0.10460593,-0.9866018,G1,1,1020,2560.0,1.9140625
TAACTAGATATGGC-8,CD14+ Monocyte,1002,0.0252,2500.0,-0.15139696,-0.10467291,G1,1,1002,2500.0,2.52
TAACTCACTGGAGG-8,CD4+/CD25 T Reg,1080,0.015004168,3599.0,-0.19138841,-1.1166134,G1,0,1080,3599.0,1.5004169
TAAGAACTTCCCAC-8,CD19+ B,1126,0.017388452,3048.0,-0.034474477,-0.8524051,G1,4,1126,3048.0,1.7388452
TACATCACGCGATT-8,Dendritic,1346,0.007266349,3991.0,-0.116410226,-0.7698396,G1,5,1346,3991.0,0.7266349
TACGAGACCCGATA-8,CD19+ B,1041,0.016949153,2537.0,-0.031721696,-0.5958543,G1,8,1041,2537.0,1.6949153
TACGCAGATGGTTG-8,CD56+ NK,1162,0.013367282,3142.0,-0.14786544,-0.8856493,G1,3,1162,3142.0,1.3367282
TACTCCCTGTACGT-8,CD4+/CD25 T Reg,1180,0.014294593,3218.0,-0.09086124,-0.9141047,G1,0,1180,3218.0,1.4294592
TACTTTCTAGAGAT-8,CD14+ Monocyte,1023,0.022596706,2611.0,-0.15438247,-0.98254335,G1,1,1023,2611.0,2.2596705
TAGCCCACTTTCTG-8,Dendritic,1105,0.013290114,3085.0,-0.061970517,-0.99062395,G1,2,1105,3085.0,1.3290113
TAGCCCTGGAGGAC-8,CD8+ Cytotoxic T,1019,0.018092725,2653.0,-0.24108797,-0.9625851,G1,3,1019,2653.0,1.8092725
TAGTTAGAAACAGA-8,CD19+ B,1028,0.022953067,2919.0,-0.079099305,-0.8372473,G1,4,1028,2919.0,2.2953067
TATAGCCTTTCAGG-8,CD8+/CD45RA+ Naive Cytotoxic,1102,0.01836677,3539.0,-0.13127813,-1.1586515,G1,0,1102,3539.0,1.8366771
TCAATCACCCTTCG-8,CD19+ B,1139,0.018467221,3249.0,0.03288251,-0.788884,S,4,1139,3249.0,1.8467221
TCTGATACGGTCTA-8,Dendritic,1048,0.012697429,3229.0,0.020787716,-0.9681537,S,2,1048,3229.0,1.269743
TGACGCCTCTCAGA-8,Dendritic,1035,0.018448794,2656.0,-0.044193625,-1.0582635,G1,1,1035,2656.0,1.8448794
TGACTTACGGTCTA-8,CD19+ B,1113,0.012461059,3210.0,-0.20691793,-1.0575887,G1,4,1113,3210.0,1.2461059
TGCACAGATGCATG-8,Dendritic,1208,0.015097691,3378.0,-0.14845875,-0.7041162,G1,6,1208,3378.0,1.5097691
TGGAGACTAGTAGA-8,CD14+ Monocyte,1208,0.012954097,3551.0,-0.046910405,-0.8790469,G1,5,1208,3551.0,1.2954097
TGGCACCTCCAACA-8,Dendritic,1166,0.008840075,3733.0,-0.12445572,-0.86748403,G1,2,1166,3733.0,0.88400745
TGTGAGTGCTTTAC-8,Dendritic,1014,0.022068368,2311.0,-0.29805577,-0.64906967,G1,1,1014,2311.0,2.206837
TGTTACTGGCGATT-8,CD4+/CD25 T Reg,1079,0.012820513,3354.0,0.2168946,-0.52733797,S,0,1079,3354.0,1.2820513
TTCAGTACCGGGAA-8,CD19+ B,1030,0.014169323,2823.0,0.13905406,-0.98159003,S,4,1030,2823.0,1.4169323
TTGAGGTGGAGAGC-8,Dendritic,1552,0.010885806,4685.0,-0.14844906,-0.67475235,G1,2,1552,4685.0,1.0885806
